Sample;Mammalia;Dipnotetrapodomorpha;Insecta;Actinopteri;Aves;Malacostraca;Lepidosauria;Chondrichthyes;Amphibia;Arachnida;Cladistia;Thermoanaerobaculia;Zetaproteobacteria;Oligoflexia;Gammaproteobacteria;Alphaproteobacteria;Synergistia;Nitrospira;Chrysiogenetes;Deferribacteres;Acidobacteriia;Hydrogenophilalia;Holophagae;Betaproteobacteria;Acidithiobacillia;Coprothermobacteria;Aquificae;Fusobacteriia;Vicinamibacteria;Thermodesulfovibrionia;Thermotogae;Spirochaetia;Thermodesulfobacteria;Blastocatellia;Endomicrobia;Thermoplasmata;Elusimicrobia;Calditrichia;Thermococci;Dictyoglomia;Calditrichae;Methanonatronarchaeia;Dehalococcoidia;Faserviricetes;Phycisphaerae;Thermolithobacteria;Actinomycetia;Epsilonproteobacteria;Caudoviricetes;Coriobacteriia;Planctomycetia;Chthonomonadetes;Nitriliruptoria;Chitinivibrionia;Ktedonobacteria;Thermoleophilia;Acidimicrobiia;Chitinispirillia;Lentisphaeria;Deinococci;Duplopiviricetes;Tissierellia;Revtraviricetes;Limnochordia;Bacilli;Verrucomicrobiae;Fibrobacteria;Chlamydiia;Terrimicrobia;Methanobacteria;Megaviricetes;Kiritimatiellae;Pisoniviricetes;Mollicutes;Deltaproteobacteria;Anaerolineae;Chloroflexia;Thermoprotei;Malgrandaviricetes;Erysipelotrichia;Clostridia;Ardenticatenia;Negativicutes;Halobacteria;Rubrobacteria;Methanomicrobia;Arfiviricetes;Gemmatimonadetes;Nitrospinia;Longimicrobia;Thermomicrobia;Opitutae;Caldilineae;Herviviricetes;Tectiliviricetes;Tichowtungiia;Armatimonadia;Bigyra;Papovaviricetes;Spartobacteria;Quintoviricetes;Desulfuribacillia;Tolucaviricetes;Fimbriimonadia;Pokkesviricetes;Tokiviricetes;Caldisericia;Repensiviricetes;Eumycetozoa;Candidatus Thermofonsia;Culicoidibacteria;Chrymotiviricetes;Methanococci;Vidaverviricetes;Flasuviricetes;Oligosphaeria;Thermoflexia;Tepidiformia;Candidatus Cryosericia;Balneolia;Cytophagia;Candidatus Nanoperiomorbia;Flavobacteriia;Saprospiria;Chlorobia;Sphingobacteriia;Bacteroidia;Rhodothermia;Ignavibacteria;Candidatus Saccharimonadia;Chitinophagia;Gloeobacteria;Candidatus Saccharimonia;Candidatus Nanosyncoccalia;Ellioviricetes;Aconoidasida;Demospongiae;Chlorophyceae;Hydrozoa;Oligohymenophorea
SRR15595321;24114463;24305444;0;0;0;0;0;0;0;0;0;0;0;0;19966;143;0;0;0;0;0;0;0;298;0;0;0;0;0;0;0;2;0;0;0;0;0;0;0;0;0;0;0;0;0;0;4532;22;0;20;0;0;0;0;0;0;0;0;0;0;0;0;0;0;12822;0;0;0;0;0;0;0;0;0;0;0;0;104;0;1;905;0;0;0;0;17;0;0;0;0;0;0;0;1;0;0;0;0;0;0;0;0;0;0;0;0;0;0;0;0;0;0;0;0;0;0;0;0;0;0;0;0;1;0;0;0;942;0;0;0;0;0;0;0;0;0;0;0;0;0
SRR15595249;448;452;0;0;0;0;0;0;0;0;0;1;0;1;99869;1158;98;0;0;1;8;0;0;2097;1;1;0;107;4;0;30;62;0;8;0;0;0;0;0;0;1;0;1;0;0;0;1614432;105;159;446131;12;0;4;0;2;1;3;0;459;90;0;95;0;10;204947;96206;17;0;0;31;0;0;0;12;2461;9;2;69;5;96423;2422770;0;279212;0;6;73;0;0;0;0;0;1;0;0;0;0;0;0;0;0;1;0;0;0;0;0;0;0;0;0;0;0;0;0;0;0;0;0;0;0;39;0;52;0;0;15;1659922;3;3;0;45;0;6;0;0;0;0;0;0;0
SRR22402358;4036;0;0;0;0;5;0;0;0;0;0;0;0;0;199839;210;81;0;0;0;2;0;1;151199;0;0;1;202;0;0;14;6;0;2;0;0;0;0;0;0;0;0;0;373;0;0;70637;314;129104;116718;0;2;0;0;0;0;0;0;0;4;0;352;0;0;8918;0;6;0;0;0;0;0;0;2;10;3;0;0;5;23429;5847634;0;367635;4;0;0;0;0;0;0;0;0;2;0;0;0;3;0;0;0;0;0;0;0;0;0;0;0;0;0;0;0;0;0;0;0;0;0;0;0;114;0;45;0;3;4;14468755;0;12;18;1;0;0;0;0;0;0;0;0;0
SRR22402261;13607;0;0;7;1;4;0;0;0;0;0;0;0;0;48854;21897;102376;0;0;1;9;0;0;2824;0;0;9;82;1;0;15;465;0;3;1;0;0;0;0;0;0;0;0;2537;6;0;4806;206;467346;84085;12;5;0;0;10;0;1;0;71428;49;5;1224;0;10;9844;618380;14;0;0;0;0;0;0;17;579;19;0;0;4054;31514;9140493;0;270812;23;10;0;17;0;0;0;0;1;0;0;0;0;0;0;0;0;0;0;0;0;0;0;0;0;0;0;0;0;0;0;0;0;0;0;0;0;287;0;79;0;0;14;16997844;0;0;48;37;0;0;0;0;0;0;0;0;0
SRR22402276;8344;0;5;3;6;0;2;0;0;0;0;0;2;5;30382;1660;298;0;0;3;25;1;0;1044221;5;2;2;2444;0;0;318;347;0;2;0;0;0;0;0;0;0;0;9;4500;0;0;1376085;988;1538490;908072;7;0;0;0;3;0;1;0;0;52;0;8422;0;1;266349;1184;11;1;0;0;0;0;0;121;13822;0;0;0;306;426105;48829995;0;1141840;56;3;0;0;0;0;3;0;0;2;0;0;0;0;0;0;0;0;0;0;0;0;0;0;0;0;0;0;0;0;0;1;0;0;0;0;0;219;0;862;5;2;158;93282565;0;0;159;113;0;0;0;0;1;0;0;0;0
SRR22402269;18877;0;6;0;17;17;0;0;0;0;0;0;16;0;96816;2590;221;0;0;26;2;0;0;292364;3;1;0;1068;0;0;47;413;1;3;0;0;0;0;0;0;0;0;0;11155;15;0;1621460;958;750640;366703;3;1;4;0;0;0;0;0;94025;192;20;5732;0;2;84614;1580;73;0;0;5056;0;0;0;301;111944;97;0;0;342;67106;13907916;0;950148;31;1;0;0;0;0;2;0;0;9;0;0;0;0;0;270;0;0;0;0;0;0;0;0;0;0;0;0;0;0;0;0;0;0;0;0;0;102;0;225;0;0;9;18567614;0;0;892;434;0;0;43;0;0;0;0;0;0
SRR15595311;24066;24262;0;3;0;0;0;0;0;0;0;0;0;0;383477;214;6;0;0;0;0;0;1;4670;0;0;1;18;0;0;13;13;0;0;0;0;0;0;0;0;0;0;0;0;0;0;1033860;151;833;512584;0;0;0;0;0;0;0;0;0;9;0;431;0;1;37345;96;4;1;0;2628;0;0;0;20;18;1;0;54;81;478945;1802411;0;173139;3;1;0;4;0;0;0;0;0;2;0;0;0;0;0;0;0;8;0;0;0;0;0;0;0;0;0;0;0;0;0;0;0;0;0;0;0;15;0;52;0;0;0;540251;0;0;0;48;0;269;0;0;0;0;0;0;0
SRR15595256;20532606;20674472;0;0;0;0;0;0;0;0;0;0;0;0;21259;239;0;0;0;0;0;0;0;194;0;0;0;0;0;0;0;0;0;0;0;0;0;0;0;0;0;0;0;0;0;0;3786;11;0;92;7;0;0;0;0;0;0;0;0;0;0;0;2;0;9596;6;0;0;0;0;0;0;0;0;0;0;0;139;0;6;1037;0;21;0;0;8;0;0;0;0;0;0;0;1;0;0;0;0;0;0;0;0;0;0;0;0;0;0;0;0;0;0;0;0;0;0;0;0;0;0;0;0;1;0;0;0;72;0;0;0;0;0;0;0;0;0;0;0;0;0
SRR22402370;16981;0;0;0;0;0;0;0;0;0;0;0;0;1;676402;3447;17834;0;0;0;84;0;5;183717;0;0;12;31;0;0;16;80;0;3;3;0;0;0;0;0;0;0;0;16631;0;0;13923;30;430983;139753;6;3;3;0;0;23;14;0;9;77;8;128;0;4;652808;512971;14;1;0;0;3;0;0;5;196890;4;0;0;428;43777;11432247;1;38078;146;1;0;0;0;0;8;0;5;1;0;0;0;0;0;0;0;0;0;0;0;0;0;0;0;0;0;0;0;0;0;0;0;0;0;0;3;162;0;49;1;15;31;12397760;0;0;397;6;0;0;0;0;0;0;0;0;0
SRR15595269;4653;4699;0;0;9;3;0;0;0;0;0;0;0;1;36737;183;2;0;3;6;2;0;2;626;0;1;1;179;0;0;10;8;0;2;0;0;0;0;0;0;0;0;0;0;0;0;4849033;75;86;474150;2;2;0;0;1;0;2;0;0;13;0;531;0;1;114862;370;1;0;0;59;0;0;0;9;2683;0;0;90;79;127522;4338287;1;355229;27;1;72;0;0;0;0;0;0;0;0;0;0;0;0;0;0;0;0;0;0;0;0;0;0;0;0;0;0;0;0;0;0;0;0;0;0;8;29;10;0;0;0;487030;0;0;0;5;0;169;0;0;0;0;0;0;0
SRR22402364;15787;0;97;0;0;0;0;0;0;0;0;0;0;0;38927;5873;2486;0;5;0;3;0;17;139104;5;0;9;1087;0;0;41;416;0;7;0;0;87;0;0;0;0;0;1;4145;0;0;82475;1150;547950;298143;14;0;9;0;0;1;16;0;70598;254;6;2871;0;9;24732;1482682;42;2;0;33;1;0;0;1000;67559;1;0;0;399;118021;12020772;0;328486;12;3;0;0;0;0;0;0;27;6;0;0;0;1;0;0;0;0;0;0;0;0;0;0;0;0;0;0;0;0;0;0;0;0;0;0;0;89;0;696;0;2;6;21287155;4;10;208;299;0;0;8;0;0;0;0;0;0
SRR15595246;2064;2085;0;6;0;0;0;0;0;0;0;0;3;0;62524;3041;492;0;0;0;27;0;0;4426;0;2;2;62;0;0;41;108;1;0;1;0;0;0;0;0;0;0;5;11;0;0;876443;423;5340;413734;31;0;10;0;8;5;3;0;27;113;0;216;0;11;29810;611;12;13;0;8;0;0;0;59;64074;4;0;466;0;44405;5680827;0;479544;80;14;530;0;9;0;8;0;2;0;0;0;0;0;0;0;0;35;0;0;0;0;0;0;0;0;0;0;0;0;0;0;0;0;0;0;0;60;0;256;2;3;340;2688669;3;4;0;65;0;93;0;1;0;0;0;0;0
SRR22402346;4293;0;0;0;7;32;0;0;0;0;0;0;5;0;3476;4115;71;0;7;0;16;2;0;175745;0;0;13;3847;0;0;51;54;0;2;0;0;0;0;0;0;0;0;11;830;2;0;49081;2423;525769;65809;1;0;4;0;1;0;2;0;19958;57;4;134;0;0;12785;25429;62;1;3;0;2;0;0;13;42854;20;0;0;2750;60870;8635138;0;277399;8;0;0;0;0;0;2;0;0;4;0;0;0;0;0;0;0;0;0;0;0;0;0;0;0;0;0;0;0;0;0;0;0;0;0;0;0;311;0;201;0;2;11;19051995;0;0;43;1162;0;0;0;0;0;0;0;0;0
SRR22402298;1497524;0;0;37;0;0;0;0;0;0;0;1;1;0;13771;2986;154;2;0;16;20;2;1;314944;13;0;13;5746;19;0;35;254;24;7;1;185;1;0;0;0;0;0;1;9604;1;0;1947864;972;581635;203660;21;0;17;0;7;0;7;0;92725;128;3;1504;0;9;44021;641;29;0;0;15738;0;7;3;137;32764;11;3;0;2770;42655;11308746;0;183353;87;5;0;0;11;0;11;0;1;6;0;0;0;2;0;0;0;0;0;0;1;0;0;0;0;0;0;0;0;0;0;0;0;0;0;0;1;1193;0;1036;0;1;306;18393650;1;0;323;271;0;0;0;0;0;0;0;0;0
SRR22402270;12369;0;6;4;0;0;0;0;0;0;0;0;0;3;31886;10428;210;0;8;3;25;0;5;278430;5;0;58;128;0;0;78;215;27;19;0;0;0;0;0;0;0;0;12;7767;15;0;10253;322;683049;112327;17;3;2;0;0;2;138;0;101793;217;8;500;0;6;86204;320;113;6;0;0;0;1;0;60;79799;18;6;1;199;55926;9920159;0;159926;327;7;0;0;163;0;19;0;8;32;0;0;0;0;0;0;0;0;0;0;0;0;0;0;0;0;0;0;0;0;0;0;0;0;0;0;0;390;4;392;0;0;51;16756139;4;2;15;71;0;0;0;0;0;0;0;0;0
SRR22402296;38537;0;4;77;0;0;0;0;0;0;0;0;2;18;50838;6089;471;0;6;55;44;1;10;967602;5;0;34;296;0;0;72;154;0;13;0;2;0;0;0;0;0;0;1;17034;11;0;50245;249;671362;193204;12;2;45;0;9;0;31;0;37131;166;4;378;0;4;29124;28048;64;0;0;6063;2;0;1;53;57405;24;2;0;1659;90284;13676805;1;880981;83;10;0;0;12;0;13;0;7;27;0;0;0;0;0;0;0;0;0;0;0;0;0;0;0;0;0;0;0;0;0;0;0;0;0;0;0;637;0;2488;5;5;1028;33329132;1;0;148;68;0;0;0;0;0;0;0;0;0
SRR22402302;8774;0;4;1;0;0;0;0;0;0;0;0;0;0;366332;207;25;0;0;0;0;2;0;894900;0;1;2;282;0;0;14;26;0;0;0;0;0;0;0;0;0;0;0;4375;0;0;251893;59274;3052604;157115;0;0;0;0;0;0;0;0;7;15;0;640;0;0;38669;1587;0;1;0;0;0;0;0;2;64;1;0;0;505;68545;8613366;0;829662;2;1;0;0;0;0;0;0;0;0;0;0;0;0;0;0;0;0;0;0;0;0;0;0;0;0;0;0;0;0;0;0;0;0;0;0;0;31;3;86;0;0;4;42832329;0;0;132;40419;0;0;0;0;0;0;0;0;0
SRR22402288;34821;0;0;0;10;0;0;0;0;2;0;2;0;0;205671;14730;279;0;30;0;5;5;2;717083;192;1;93;193;0;0;181;364;6;17;0;1;0;0;0;0;0;0;81;11866;23;0;833589;577;700905;77694;3;1;47;0;1;1;4;0;0;216;3;793;0;0;195915;317526;262;0;0;0;32;1;0;126;217110;7;0;0;245;43794;11871433;0;286106;32;11;0;0;0;1;15;0;6;48;0;0;0;2;0;0;0;0;0;0;1;0;0;0;0;0;0;0;0;0;0;0;0;0;0;0;1;88;0;524;0;5;40;16919764;0;0;182;99;1;0;0;0;0;0;0;0;0
SRR22402284;79597;0;4;0;0;0;0;0;0;0;0;0;0;0;6833;5209;35;0;0;0;3;1;0;784111;19;0;5;60;2;0;24;125;0;0;0;0;0;0;0;0;0;0;1;1380;0;0;939884;328;336866;67601;0;0;5;0;0;0;1;0;643;33;0;61;0;0;19816;1596;12;1;0;4;0;0;0;18;83072;0;0;0;1154;101764;7026703;0;196840;2;11;0;0;0;0;0;0;0;1;0;0;0;0;0;0;0;0;0;0;0;0;0;0;0;0;0;0;0;0;0;0;0;0;0;0;1;581;0;179;2;0;29;20692160;1;0;255;158;6;0;0;0;0;0;0;0;0
SRR22402382;97225;0;0;0;0;0;1;0;0;0;1;3;14;0;1088319;6372;72123;5;0;1;7;14;86;19762;2;2;1;64;0;0;70;103;108;25;1;889;0;0;0;0;0;0;0;30707;2;1;18710;286;877932;207195;58;1;0;0;46;2;61;0;64726;159;22;35037;0;2;30549;521;67;0;0;556678;0;8;0;219;1070;36;2;0;490;301246;10618448;0;46599;344;21;46;0;6;0;31;0;61;5;0;0;0;0;0;0;0;0;0;1;0;0;0;0;0;0;0;0;0;0;0;0;0;0;0;0;0;787;1;905;6;1;138;9261344;1;0;0;96;0;0;0;0;0;0;0;0;0
SRR15595271;1207;1218;0;2;0;0;0;0;0;0;0;0;0;1;31964;947;33;0;0;0;16;2;0;2098;2;2;0;7;11;0;11;33;1;2;0;0;0;0;0;0;0;0;2;0;3;0;5429357;436;220;576794;9;2;20;0;2;1;3;0;0;60;0;223;0;0;93131;38856;4;0;0;72;0;0;0;8;4003;0;1;34;1;49345;5576795;0;11395;0;19;66;0;1;1;1;0;2;2;0;0;0;5;0;0;0;0;0;0;0;0;0;1;0;0;0;0;0;0;0;0;0;0;0;0;1;30;0;27;0;0;52;1968098;3;0;0;3;0;25;0;0;0;0;0;0;0
SRR22402329;9103;0;0;0;0;0;0;0;0;0;0;0;0;0;234394;1791;1904;0;0;0;17;0;0;216221;4;0;2;215;0;0;12;55;0;0;0;0;0;0;0;0;0;0;4;9208;2;0;23344;221;220850;65476;1;0;0;0;0;0;0;0;48;26;4;761;0;4;62000;57;7;0;0;446;0;0;3;5;146983;0;0;0;78;65001;5646307;0;156973;38;3;0;0;0;2;0;0;4;0;1;7;0;0;0;0;0;0;0;0;0;0;0;0;0;0;0;0;0;0;0;0;0;0;0;0;0;267;0;213;5;1;3;9695829;0;2;310;7;0;0;0;0;0;0;0;0;1
SRR15595247;7327582;7392565;0;0;0;0;0;0;0;0;0;0;0;0;8088;31;0;0;0;0;0;0;0;103;0;0;0;0;0;0;0;0;0;0;0;0;0;0;0;0;0;0;0;0;0;0;1798;8;0;91;0;0;0;0;0;0;0;0;0;0;0;0;0;0;4274;0;0;0;0;0;0;0;0;0;0;0;0;36;0;38;603;0;74;0;0;2;0;0;0;0;0;0;0;0;0;0;0;0;0;0;0;0;0;0;0;0;0;0;0;0;0;0;0;0;0;0;0;0;0;0;0;0;0;0;0;0;200;0;0;0;0;0;0;0;0;0;0;0;0;0
SRR22402348;4512;0;0;1;0;0;0;0;0;0;0;0;0;0;58619;2704;8;0;0;0;1;0;1;269382;0;0;2;133;0;1;4;41;0;0;0;0;0;0;0;0;0;0;0;4119;12;0;933941;91;308334;167228;1;0;0;0;0;1;1;0;5674;5;1;168;0;0;26940;592282;1;0;0;0;1;0;0;10;51061;1;0;0;121;218153;7224910;0;160876;6;4;0;0;1;0;12;0;0;0;0;13;0;0;0;0;0;0;0;0;0;0;0;0;0;0;0;0;0;0;0;0;0;0;0;0;0;28;0;106;0;0;11;22018386;0;48;51;21;0;0;0;0;0;0;0;0;0
SRR22402283;135612;0;5;2;15;0;0;0;0;0;0;0;0;0;147055;929;5;0;0;7;2;0;0;615795;1;0;0;428;0;0;48;32;0;1;0;0;0;0;0;0;0;0;2;5115;0;0;684724;47619;1126427;281398;4;2;0;0;0;0;2;0;1;14;0;920;0;0;62779;3038;5;0;0;0;0;0;0;12;171917;1;0;0;3841;31546;20838784;0;562527;6;0;0;0;0;0;0;0;0;1;0;0;0;0;0;0;0;0;0;0;1;0;0;0;0;0;0;0;0;0;0;0;0;0;0;0;0;30;0;185;0;0;5;28467452;0;0;106;36784;0;0;0;0;0;0;0;0;0
SRR15595342;7645441;7715312;0;0;0;0;0;0;0;0;0;0;0;0;8405;14;0;0;0;0;0;0;0;32;0;0;0;0;0;0;0;0;0;0;0;0;0;0;0;0;0;0;0;0;0;0;2063;0;0;123;3;0;0;0;0;0;0;0;0;0;0;0;0;0;2934;0;0;2;0;0;0;0;0;0;0;0;0;94;0;8;1410;0;4;0;0;0;0;0;0;0;0;0;0;10;0;0;0;0;0;0;0;0;0;0;0;0;0;0;0;0;0;0;0;0;0;0;0;0;0;0;0;0;1360;0;0;0;196;0;0;0;0;0;0;0;0;0;0;0;0;0
SRR15595289;24892;25164;0;0;0;0;0;0;0;0;0;0;0;0;17601;473;66;0;0;0;1;0;0;756;0;2;1;5;0;0;6;11;2;4;0;0;0;0;0;0;0;0;0;0;1;0;1344936;14;185;494570;1;0;0;0;0;1;2;0;0;18;0;416;0;0;42624;4343;1;0;1;857;0;1;0;14;607;2;0;59;37;218612;3182348;0;331001;0;0;0;2;0;0;3;0;0;4;0;0;0;0;0;0;0;0;0;0;0;0;0;0;0;0;0;0;0;0;0;0;0;0;0;0;0;24;52;44;0;0;10;1498797;0;0;0;13;0;882;0;0;0;0;0;0;0
SRR22402278;158475;0;148;0;18;0;0;0;0;0;0;0;0;5;112953;18987;28571;16;0;53;221;34;20;317743;16;0;49;1074;78;0;206;607;22;12;0;833;0;0;0;0;0;0;18;11706;7;0;815677;7452;721659;747955;108;4;10;1;55;114;109;0;169739;1185;5;4388;0;0;25145;686349;363;15;1;64719;1;7;8;467;170296;131;6;0;3122;37567;10061454;7;504408;349;22;51;165;61;1;22;0;193;19;0;94;0;76;141913;0;17;0;0;0;0;0;0;0;0;0;0;0;0;0;0;0;0;0;0;0;0;2481;0;1610;130;91;127;8102325;0;1;445;583;3;0;10;0;0;0;0;0;0
SRR22402265;381913;0;0;0;0;0;0;0;0;0;0;8;0;0;23820;8777;7519;5;0;0;8;0;9;305467;6;0;14;3998;0;0;49;222;1;5;0;0;0;0;0;0;0;0;203;4171;0;0;232729;489;464384;64055;11;3;0;0;0;12;15;0;0;90;6;6380;1;2;31530;365241;14;0;4;37568;0;2;0;11;143309;46;0;0;2763;275767;5719734;0;161765;66;4;0;0;10;0;18;0;32;11;0;0;0;0;0;0;0;0;0;0;0;0;0;0;0;0;0;0;0;0;0;0;0;0;0;0;0;115;0;825;0;2;43;16157009;2;1;10;32;0;0;0;0;0;0;0;0;0
SRR22402281;107754;0;0;0;12;0;0;0;0;0;0;0;0;15;122848;8609;371;4;6;4;8;5;12;97460;3;0;21;894;0;6;235;313;136;13;0;0;0;0;0;0;0;0;31;37166;0;0;18657;714;876284;88930;40;1;46;2;3;5;41;0;1258;437;27;906;0;127;195028;1073693;167;2;0;106185;1;0;1;804;137479;99;1;0;4261;164947;14237713;5;326677;131;8;6;216;64;0;25;0;5;98;0;0;0;2;326129;8;0;0;0;0;0;0;0;0;0;0;86;0;0;0;0;0;0;0;0;0;0;526;0;916;4;1;73;19081806;7;1;378;165;0;0;0;0;0;0;0;0;0
SRR15595324;20912187;21070098;0;0;0;0;0;0;0;0;0;0;0;0;26693;74;0;0;0;0;0;0;0;254;0;0;0;0;0;0;0;0;0;0;0;0;0;0;0;0;0;0;0;0;0;0;4680;28;0;11;14;0;0;0;0;0;0;0;0;0;0;0;3;0;12650;0;0;0;0;0;0;0;0;0;0;0;0;139;0;7;691;0;11;0;0;26;0;0;0;0;0;0;0;53;0;0;0;0;0;0;0;0;0;0;0;0;0;0;0;0;0;0;0;0;0;0;0;0;0;0;0;0;0;0;0;0;48;0;0;0;0;0;0;0;0;0;0;0;0;0
SRR22402280;23285;0;0;8;13;0;0;0;0;0;0;2;2;1;48462;17000;330;1;15;11;105;1;39;288005;130;0;86;647;0;1;137;239;93;42;1;1;0;0;0;0;0;0;58;28481;21;1;729682;1790;1087771;272278;12;2;13;1;14;2;141;0;191984;353;11;652;0;20;295906;4275;257;5;0;63541;0;3;0;815;204338;48;4;0;2022;131571;16643183;3;270987;342;11;0;28;107;0;31;2;154;88;0;43;0;6;0;0;0;0;3;0;0;0;0;0;0;0;0;0;0;0;0;0;0;0;0;0;0;1493;0;1213;5;9;349;26224142;0;1;532;764;0;0;12;0;0;0;0;0;0
SRR22402275;33058;0;0;0;2;8;0;0;0;0;0;0;0;0;52005;2857;140;0;0;0;1;0;11;207496;1;0;0;961;0;0;21;47;0;1;0;0;0;0;0;0;0;0;0;5991;2;0;985704;1733;1975557;192253;3;0;0;0;2;0;4;0;0;59;1;606;0;8;44446;315;2;4;0;0;3;0;0;18;68230;0;2;0;104;31976;8827312;1;527810;30;10;0;0;0;0;0;0;0;0;0;0;0;0;0;0;0;0;0;0;0;0;0;0;0;0;0;0;0;0;0;0;0;0;0;0;0;569;0;107;1;12;5;17561912;4;0;250;1948;0;0;0;0;0;0;0;0;0
SRR15595337;7840574;7903061;0;0;0;0;0;0;0;0;0;0;0;0;9514;21;0;0;0;0;0;0;0;119;0;0;0;0;0;0;0;0;0;0;0;0;0;0;0;0;0;0;0;0;0;0;1864;6;0;80;0;0;0;0;0;0;0;0;0;0;0;0;0;0;6318;0;0;0;0;0;0;0;0;0;0;0;0;0;0;39;260;0;37;0;0;0;0;0;0;0;0;0;0;1;0;0;0;0;0;0;0;0;0;0;0;0;0;0;0;0;0;0;0;0;0;0;0;0;0;0;0;0;0;0;0;0;79;0;0;0;0;0;0;0;0;0;0;0;0;0
SRR15595251;6882301;6950978;0;0;0;0;0;0;0;0;0;0;0;0;7272;38;0;0;0;0;0;0;0;79;0;0;0;0;0;0;0;0;0;0;0;0;0;0;0;0;0;0;0;0;0;0;1956;0;0;13;4;0;0;0;0;0;0;0;0;0;0;1;1;0;6172;0;0;0;0;0;0;0;0;0;0;0;0;34;0;1;611;0;0;0;0;0;0;0;0;0;0;0;0;9;0;0;0;0;0;0;0;0;0;0;0;0;0;0;0;0;0;0;0;0;0;0;0;0;0;0;0;0;1;0;0;0;670;0;0;0;0;0;0;0;0;0;0;0;0;0
SRR22402285;37133;0;0;4;0;0;0;3;0;1;0;0;2;1;104080;4879;129;0;0;2;30;1;0;450893;16;0;6;106;0;0;37;508;20;18;0;0;0;0;0;0;0;0;11;9499;1;0;289881;460;920597;403003;9;5;16;0;1;0;5;0;7323;83;1;252;0;5;45072;9576;36;0;0;262;11;0;0;93;30265;12;0;0;3632;568438;13332903;2;160866;83;7;0;28;2;0;16;1;4;5;1;0;0;2;0;0;0;0;1;0;0;0;0;0;0;0;0;0;0;0;0;0;0;0;0;0;1;244;0;214;5;1;251;36780604;2;0;534;151;0;0;0;0;0;0;0;3;0
SRR15595352;6502527;6551686;0;0;0;0;0;0;0;0;0;0;0;0;5384;31;0;0;0;0;0;0;0;25;0;0;0;0;0;0;0;0;0;0;0;0;0;0;0;0;0;0;0;0;0;0;1226;0;0;0;1;0;0;0;0;0;0;0;0;0;0;0;1;0;3287;1;0;0;0;0;0;0;0;0;0;0;0;24;0;0;529;0;0;0;0;0;0;0;0;0;0;0;0;0;0;0;0;0;0;0;0;0;0;0;0;0;0;0;0;0;0;0;0;0;0;0;0;0;0;0;0;0;1;0;0;0;654;0;0;0;0;0;0;0;0;0;0;0;0;0
SRR22402254;33717;0;0;23;5;0;0;0;0;0;0;26;0;1;138913;6475;675;0;1;17;79;10;5;192365;9;0;11;561;0;0;43;466;101;27;0;0;0;0;0;0;0;0;32;27047;0;0;903693;1544;2355547;445105;56;3;0;3;32;0;6;0;243211;337;7;731;0;13;21070;408725;33;5;0;64479;1;3;0;408;135437;65;7;0;248;23089;5899270;0;609870;179;13;5;0;4;18;306;0;15;52;0;0;0;0;0;0;0;0;0;1;0;0;0;0;0;0;0;0;0;0;0;0;0;0;0;0;0;234;2;545;19;10;37;14142402;0;34;76;846;0;0;0;0;0;0;0;0;0
SRR22402347;8483;0;0;0;0;0;0;0;0;0;0;0;0;0;3138;6696;103;1;11;1;12;1;0;661;6;0;26;29;0;0;15;184;22;2;0;6;0;0;2;0;0;0;4;6014;8;0;3490;123;424172;42601;6;1;0;0;0;0;2;0;0;98;2;48;0;1;29982;71;95;0;0;0;1;0;0;6;4346;1;1;0;72;30745;9767545;0;118208;18;1;0;0;4;0;2;0;5;4;0;0;0;0;786;0;0;0;0;0;0;0;0;0;0;0;0;0;0;0;0;0;0;0;0;0;0;399;0;718;7;0;155;10267329;1;0;7;15;0;0;0;0;0;0;0;0;0
SRR22402277;59236;0;12;83;16;52;0;0;0;0;0;0;1;5;690574;32919;8900;15;11;196;32;3;7;230061;4;1;13;444;0;0;132;533;23;6;1;1754;0;0;0;0;0;12;25;14748;6;0;93125;940;1341383;146523;39;3;10;0;3;4;117;1;116959;489;47;1065;0;25;134425;9082;40;0;12;72303;0;0;0;662;87590;38;2;0;1763;94589;15678593;2;382733;475;43;33;308;158;21;32;0;40;83;0;11;0;4;5107;0;0;0;0;0;0;0;0;0;0;0;0;0;0;0;0;0;0;0;0;0;0;1217;0;1234;2;7;186;24386550;1;3;473;386;0;0;0;0;0;0;0;0;0
SRR22402292;3970;0;0;0;4;0;0;0;0;0;0;0;1;0;898;125;0;0;2;0;0;0;0;1481;0;0;1;342;0;0;5;3;0;6;0;0;0;0;0;0;0;0;0;247;0;0;11055;87;149583;52095;9;0;0;0;0;1;0;0;0;0;0;43;0;0;15444;0;2;0;0;0;0;0;3;1;154540;1;0;0;92;31726;6532775;0;8802;0;2;0;0;0;0;0;0;0;0;0;0;0;0;0;0;0;0;0;0;0;0;0;0;0;0;0;0;0;0;0;0;0;0;0;0;0;28;0;47;0;0;5;22586229;1;0;100;1;0;0;0;0;0;0;0;0;0
SRR22402374;13349;0;8;0;0;10;0;0;0;0;0;0;0;0;35063;5609;23273;0;1;1;53;3;1;758684;3;0;7;1660;0;0;18;303;67;4;0;4;0;0;0;0;0;0;0;17268;5;0;27177;1238;660496;174410;14;0;4;1;2;1;1;0;94676;169;6;2868;0;12;43829;1394110;35;2;0;6671;3;9;0;26;436126;17;2;0;510;132166;13323913;7;408099;73;9;8;0;8;0;21;0;10;1;0;17;0;2;0;0;0;0;0;0;1;0;0;0;0;0;0;0;0;0;0;0;0;0;0;0;0;227;0;300;1;3;25;28763135;0;1;231;45;0;0;0;0;0;0;0;0;0
SRR22402377;155336;0;47;51;15;0;0;0;0;0;0;0;0;6;36671;5798;860;0;0;14;101;11;7;524463;12;0;14;674;0;0;50;294;3;17;1;4;0;0;0;0;0;0;0;8348;8;0;136464;2171;619620;123158;59;2;9;0;0;0;97;1;157963;515;17;861;0;23;61377;208835;353;71;0;0;6;0;0;396;60504;63;4;0;1024;44552;11279134;0;286905;131;6;1;1;52;0;16;0;2;20;0;0;0;7;743;0;0;0;3;0;0;0;0;0;0;0;0;0;0;0;0;0;0;0;0;0;0;1284;0;678;11;59;7;19273254;2;11;93;1163;0;0;0;0;0;0;0;0;0
SRR22402310;2315;0;0;10;0;0;0;0;0;0;0;2;0;34;7890;6110;150;1;0;0;5;38;3;33051;0;0;52;197;0;0;60;196;60;15;0;0;0;0;0;0;0;0;18;14512;2;1;40383;1990;512246;111353;24;1;31;0;4;1;9;0;353009;137;21;516;0;10;13337;432735;74;12;0;8;2;3;0;469;152078;81;3;1;1229;47209;9571348;6;238348;51;14;0;0;1;0;4;1;58;12;1;0;0;0;0;0;0;0;0;0;0;0;0;0;0;0;0;0;0;0;0;0;1;0;0;0;0;296;0;334;0;6;81;23580240;3;0;365;1379;3;0;0;0;0;0;0;0;0
SRR22402319;12865;0;0;0;0;0;0;0;0;0;0;0;0;0;38348;17438;239;0;0;34;101;3;1;469473;2;0;23;89;32;0;57;291;46;1;0;0;0;0;0;0;0;0;2;10527;12;0;7798;5293;644378;36541;25;1;51;0;1;1;2;0;27559;281;14;208;0;8;12688;472668;168;0;0;27040;2;0;0;216;102867;1;0;0;1086;42751;10983679;0;151121;86;50;0;27;0;0;10;0;7;0;0;0;0;0;0;0;1;0;0;0;0;0;0;0;0;0;0;0;0;0;0;0;0;0;0;0;0;2271;0;818;76;13;366;17605679;0;1;183;64;0;0;0;0;0;0;0;0;0
SRR22402264;528815;0;0;0;0;0;0;0;0;0;0;6;0;1;1737158;10937;798;29;12;4;157;7;4;132280;7;0;19;1359;0;0;187;318;2;8;2;0;2;0;0;0;0;0;0;2764;18;0;89282;8545;1813031;159435;378;11;0;0;5;0;15;0;59362;781;71;8212;0;123;30041;757;124;1;0;0;0;2;2;617;461141;173;5;0;4768;152442;13486232;0;433153;72;3;0;11;5;0;43;0;26;4;0;0;0;0;0;0;0;0;0;0;0;0;0;0;0;0;0;0;0;0;0;0;0;0;0;0;1;673;0;1291;2;6;357;20143235;1;0;23;1126;7;0;0;0;0;0;0;0;0
SRR22402381;102687;0;2;0;1;0;0;0;0;0;0;10;1;0;10988;2447;183;0;0;3;15;1;1;173654;11;0;0;32;0;0;9;65;0;12;0;0;0;0;0;0;0;0;2;3541;0;0;8210;96;309882;251153;24;10;0;0;4;3;36;0;0;67;12;385;0;2;12909;1816682;2;2;0;12432;0;2;0;10;50955;1;1;0;2067;298307;6510536;0;102045;134;5;0;0;0;0;0;0;11;9;2;0;0;0;0;0;0;0;0;0;0;0;0;0;0;0;0;0;0;0;0;0;0;0;0;0;0;155;0;81;2;11;17;18471751;0;10;23;6;0;0;0;0;0;0;0;0;0
SRR15595279;3970;3994;0;32;0;0;0;0;0;0;0;0;0;1;400666;3209;788;2;0;106;125;1;7;7624;0;0;1;160;0;0;29;89;22;1;2;0;0;0;0;0;0;0;0;0;0;0;900303;529;776;494198;30;1;6;0;16;1;2;0;151;219;22;573;0;9;148140;811;121;13;0;87862;0;0;0;39;13973;23;4;1512;11;541691;4425033;1;32573;33;9;1518;0;26;4;2;1;11;17;0;0;0;0;0;0;0;0;0;0;0;0;0;0;6;0;0;0;0;0;0;0;0;0;0;0;2;633;0;375;1;8;213;4734861;3;7;0;186;0;40;0;0;0;0;0;0;0
SRR22402368;5137;0;0;1;0;0;0;0;0;0;0;0;0;0;7443258;668;35;0;0;1;1;0;1;140989;0;1;1;1021;0;0;5;38;0;0;0;0;0;0;0;0;0;0;0;6215;0;0;1499474;21060;639649;52531;5;0;0;0;0;0;0;0;0;26;0;213;0;0;322101;386;2;0;0;0;2;0;0;20;168679;4;0;0;984;112563;18050791;0;838888;2;1;0;0;0;0;0;0;0;1;0;0;0;0;0;0;0;0;0;0;0;0;0;0;0;0;0;0;0;0;0;0;0;0;0;0;0;68;0;458;23;3;105;36508725;0;0;1742;13389;0;0;0;0;0;0;0;0;0
SRR22402369;65862;0;4;0;0;0;0;0;0;0;0;1;0;0;345787;1349;1719;0;1;7;4;0;9;323794;3;0;1;38;0;0;41;56;1;1;2;0;0;0;0;0;0;0;3;5063;7;0;906997;11138;1501381;248719;2;0;0;1;0;2;5;0;0;43;3;131;0;3;26595;441;3;1;0;3;0;5;0;8;83719;15;0;0;303;22917;9932540;0;447545;9;5;0;0;0;0;23;0;2;6;0;0;0;0;0;0;0;0;0;0;0;0;0;0;0;0;0;0;0;0;0;0;0;0;0;0;0;75;0;63;0;1;4;21126165;0;0;91;9228;0;0;0;0;0;0;0;0;0
SRR15595345;8508855;8574915;0;0;0;0;0;0;0;0;0;0;0;0;12316;24;0;0;0;0;0;0;0;53;0;0;0;1;0;0;0;0;0;0;0;0;0;0;0;0;0;0;0;0;0;0;1817;4;0;57;0;0;0;0;0;0;0;0;0;0;0;0;1;0;5232;0;0;0;0;0;0;0;0;0;0;0;0;89;0;6;739;0;0;0;0;22;0;0;0;0;0;0;0;4;0;0;0;0;0;0;0;0;0;0;0;0;0;0;0;0;0;0;0;0;0;0;0;0;0;0;0;0;0;0;0;0;36;0;0;0;0;0;0;0;0;0;0;0;0;0
SRR22402300;1650;0;0;0;0;0;0;0;0;0;0;0;0;0;88950;3593;770;1;0;55;18;0;0;132680;0;0;2;876;0;0;69;226;1;16;0;0;1;0;0;0;0;0;0;15936;0;0;1527030;7516;549456;227555;3;1;12;0;8;1;76;0;63536;106;3;485;0;10;419275;262;16;2;1;25149;10;1;0;31;56335;13;0;0;473;129212;12837129;0;258513;175;15;0;1;0;0;12;0;6;8;0;3;0;0;0;0;0;0;15;0;1;0;0;0;0;0;0;0;0;0;0;0;0;0;0;0;0;191;0;219;1;5;10;12152375;0;0;39;2165;0;0;0;0;0;0;0;0;0
SRR15595245;6229;6267;0;6;0;0;0;0;0;0;0;1;0;0;177364;1158;721;0;0;19;9;1;0;10122;0;0;2;327;0;0;5;26;2;4;1;0;0;0;0;0;0;0;0;0;0;0;1541741;601;80;764132;48;4;8;0;0;0;2;0;1065;38;0;1502;0;0;44498;124929;1;1;0;169;0;0;0;9;9852;16;1;177;12;199370;3645045;0;44388;0;2;0;0;25;0;4;0;8;7;0;0;0;0;0;0;0;13;0;0;0;0;0;0;0;0;0;0;0;0;0;0;0;0;0;0;2;66;119;53;1;0;17;6330183;0;0;0;7;0;200;0;0;0;0;0;0;0
SRR22402271;126876;0;18;0;13;0;0;0;0;0;0;4;0;0;41654;15752;9419;2;0;51;110;1;14;911487;45;0;23;570;0;0;171;490;118;16;0;2;0;0;0;0;0;4;0;17984;3;4;886249;859;1247843;1124801;62;4;4;1;5;15;13;0;87274;290;14;621;0;6;193049;1534158;10;3;15;44664;5;11;0;383;258379;58;3;1;350;122914;21571011;79;1727175;19;23;0;0;0;14;60;0;132;4;0;0;0;2;1543;0;2;0;0;0;1;0;0;0;0;0;0;0;0;0;0;0;0;0;0;0;2;352;21;548;72;6;70;14409797;0;20;161;18;16;0;0;0;0;0;0;0;0
SRR22402353;29008;0;20;0;11;0;0;0;0;0;0;4;1;0;19824;5106;1447;0;0;6;39;1;4;500060;18;0;23;74;0;2;44;47;10;11;0;11;0;0;0;0;0;0;0;8239;0;0;200280;534;726275;206521;4;1;2;0;0;5;2;0;19901;60;4;236;0;8;37330;253;374;0;0;46612;0;2;0;4;110866;50;0;0;637;45760;12693502;0;316554;50;8;0;0;1;0;0;0;40;13;0;208;0;0;5567;0;3;0;0;0;0;0;0;0;0;0;0;0;0;0;0;0;0;0;0;0;0;1272;0;608;0;60;83;14594375;1;2;75;196;0;0;0;0;0;0;0;0;0
SRR15595317;5606291;5656256;0;0;0;0;0;0;0;0;0;0;0;0;8158;24;0;0;0;0;0;0;0;69;0;0;0;0;0;0;0;0;0;0;0;0;0;0;0;0;0;0;0;0;0;0;1324;0;1;37;0;0;0;0;0;0;0;0;0;0;0;0;1;0;4042;29;0;1;0;0;0;0;0;0;0;0;0;49;0;20;561;0;0;0;0;7;0;0;0;0;0;0;0;0;0;0;0;0;0;0;1;0;0;0;0;0;0;0;0;0;0;0;0;0;0;0;0;0;0;0;0;0;4;0;0;0;35;0;0;0;0;0;0;0;0;0;0;0;0;0
SRR15595293;31453;31794;0;1;0;0;0;0;0;0;0;0;0;0;11646;569;46;0;0;0;2;0;0;1183;0;1;0;56;0;0;18;5;17;8;0;0;0;0;0;0;0;0;1;0;6;0;250197;151;706;271719;24;0;5;0;0;0;0;0;0;47;0;152;0;11;251469;265817;0;0;0;0;3;0;0;96;405;7;0;48;76;150137;4620036;0;17906;0;0;24;2;0;0;1;0;1;0;0;0;0;0;0;90;0;1;0;0;0;0;0;0;0;0;0;0;0;0;0;0;0;0;0;0;1;8;0;101;1;2;1;244976;1;0;0;23;0;194;0;0;0;0;0;0;0
SRR22402356;14269;0;0;0;0;0;0;0;0;0;0;0;0;0;184290;404;717;0;0;7;1;0;0;410441;1;0;4;184;0;0;22;55;0;2;0;0;0;0;0;0;0;0;0;721;1;0;479543;176;158128;194446;0;0;0;1;1;0;2;0;39243;8;2;187;0;0;185982;76;1;0;0;574;0;0;0;11;64091;0;0;0;337;25876;6403380;0;203091;6;0;0;0;0;0;0;0;0;4;0;0;0;0;0;7;0;0;0;0;1;0;0;0;0;0;0;0;0;0;0;0;0;0;0;0;0;21;0;30;0;0;5;14193494;0;0;168;79;0;0;0;0;0;0;0;0;0
SRR22402332;77973;0;0;1;4;0;0;0;0;1;0;0;0;0;593242;2277;198;0;0;1;25;0;0;101925;3;0;5;283;0;0;84;29;22;11;0;0;0;0;0;0;0;0;0;8129;0;0;53489;916;559842;267224;12;1;19;0;0;10;1;0;10;95;6;3493;0;15;70876;151;7;0;0;0;1;0;0;14;274359;2;0;0;1091;64489;14692076;0;600042;40;2;0;0;0;0;29;0;2;3;0;0;0;0;0;0;0;0;0;0;0;0;0;0;0;0;0;0;0;0;8;0;0;0;0;0;1;87;0;154;0;0;25;30070794;0;1;284;39;0;0;0;0;0;0;0;0;0
SRR22402295;14259;0;59;0;0;0;0;0;0;0;0;9;3;1;18249;11370;4476;35;1;2;269;20;5;239254;10;0;5;535;0;0;156;595;91;58;0;0;0;0;0;0;0;0;19;26790;0;0;71369;3808;904151;276254;153;6;8;7;2;4;5;6;5799;385;17;1219;0;23;29412;58292;137;16;1;64385;5;45;0;349;58359;37;12;0;2065;53039;10334385;1;287102;653;20;0;0;0;0;12;0;69;33;0;131;0;0;0;0;0;0;7;2;2;0;0;0;0;0;0;0;0;0;0;0;0;0;0;0;0;4608;0;3289;10;21;52;9723210;0;1;85;2092;6;0;0;0;0;0;0;0;0
SRR15595303;260;263;1;0;0;1;0;0;0;0;0;0;0;1;41858;1535;74;1;0;2;10;0;0;1429;2;0;0;35;0;0;17;16;9;2;0;0;0;0;0;0;0;0;8;0;1;0;1978722;167;54;682308;62;0;0;0;0;0;3;0;21;53;0;34;0;2;105944;527;13;0;0;9418;0;3;0;65;14089;13;10;192;4;96416;957152;1;729648;17;8;196;0;0;0;6;0;2;4;0;0;0;0;0;0;0;0;0;0;0;0;0;0;0;0;0;0;0;0;0;0;0;0;0;0;0;106;12;74;0;1;18;5216163;3;0;0;33;0;11;0;0;0;0;0;0;0
SRR22402379;27138;0;0;0;0;21;0;0;3;0;0;0;0;0;39484;637;68;9;0;0;1;0;0;153066;0;0;12;212;0;0;15;40;0;0;0;262;0;0;0;0;0;0;2;2707;0;0;293956;305;108753;198055;0;7;3;0;4;0;0;0;0;511;5;370;0;0;76947;22030;17;0;0;0;0;0;0;3131;48456;20;1;0;210;47232;8286205;0;151520;17;5;7;7;0;0;0;0;0;1;0;0;0;0;4784;0;0;0;0;0;0;0;0;0;0;0;0;0;0;0;0;0;0;0;0;0;0;183;0;163;0;0;3;27700503;6;0;30;52;0;0;0;0;0;0;0;0;0
SRR22402304;29843;0;0;0;1;0;0;0;0;0;0;0;0;0;1328908;3246;124;0;0;0;4;3;1;50315;1;0;4;37;0;0;33;99;1;8;0;0;0;0;0;0;0;0;31;4895;0;0;117078;535;306153;203335;3;5;0;0;0;0;2;0;4815;85;3;146;0;5;94620;450002;41;1;0;0;0;0;0;265;6860;24;9;0;75;82946;12119713;0;145742;12;14;0;0;3;0;10;2;3;9;0;1;0;0;6048;0;0;0;0;0;1;0;0;0;0;0;0;0;0;0;0;0;0;0;0;0;0;201;0;139;0;2;12;8957478;0;0;64;182;0;0;0;0;0;0;0;0;0
SRR22402350;9941;0;4;0;2;0;0;0;0;0;0;0;0;0;8014;13870;168;8;4;4;117;4;20;550688;7;0;63;160;0;0;34;377;2;4;0;0;0;0;0;0;0;0;35;4411;3;0;225631;704;818370;209269;23;0;10;0;1;2;38;0;407825;253;19;503;0;5;22302;479;66;0;0;118077;0;1;1;69;358504;16;0;0;4008;73080;10815681;0;244572;134;7;0;7;0;0;26;0;3;27;1;0;0;0;0;0;0;0;0;0;0;0;0;0;0;0;0;0;0;0;0;0;0;0;0;0;1;417;7;380;4;16;84;23589022;9;3;592;64;3;0;0;0;0;0;0;0;0
SRR22402268;154188;0;0;0;0;2;0;0;0;0;0;0;0;0;202775;1914;26;0;0;0;14;0;0;236731;0;1;2;7229;0;0;4;57;0;9;2;0;0;0;0;0;0;0;17;2346;0;0;149178;3177;741169;329474;0;0;1;0;0;0;0;0;7;59;8;882;0;0;584598;283;7;0;0;0;0;0;0;7;118013;35;1;0;488;36434;7474940;0;996929;20;1;2;0;0;0;0;0;3;0;0;0;0;0;0;0;0;0;0;0;0;0;0;0;0;0;0;0;0;0;0;0;0;0;0;0;0;547;0;65;0;4;4;19105925;0;1;309;1443;0;0;0;0;0;0;0;0;0
SRR22402297;35210;0;0;4;10;0;0;0;0;0;0;0;0;0;8118;2200;220;0;1;0;13;0;11;288162;23;1;3;27;2;0;46;36;13;10;0;0;0;0;0;0;0;0;0;4464;0;0;13658;101;1187112;144126;5;0;0;0;0;0;17;0;36;106;8;356;1;11;24600;182;6;3;0;15;0;0;35;6;7140;48;0;0;416;335468;10159505;0;130468;51;9;0;0;0;0;28;0;19;11;0;0;0;0;0;0;0;0;0;0;1;0;0;0;0;0;0;0;0;0;0;0;0;0;0;0;0;852;0;426;1;0;30;40091001;1;1;56;192;0;0;0;0;0;0;0;0;0
SRR22402317;1970;0;0;23;0;0;0;0;0;0;0;0;0;0;18051;2483;3762;0;0;0;12;0;1;163864;1;1;4;275;1;0;133;250;0;6;0;0;0;0;0;0;0;0;6;7194;8;0;140216;370;470117;154630;15;4;0;0;13;0;24;0;17921;64;8;925;0;6;18074;712;22;0;0;30379;0;5;0;123;216944;13;1;0;429;52363;8465557;0;147825;69;3;0;0;23;0;8;0;7;13;0;0;0;0;0;0;0;0;4;0;0;0;0;0;0;0;0;0;0;0;0;0;0;0;0;0;0;392;0;520;5;4;56;11175091;0;2;86;140;0;0;0;0;0;0;0;0;0
SRR15595353;6661451;6715277;0;0;0;0;0;0;0;0;0;0;0;0;6844;15;0;0;0;0;0;0;0;56;0;0;0;0;0;0;0;1;0;0;0;0;0;0;0;0;0;0;0;0;0;0;1504;47;0;29;0;0;0;0;0;0;0;0;0;0;0;0;0;0;2900;0;0;0;0;0;0;0;0;0;2;0;0;0;0;0;703;0;2;0;0;5;0;0;0;0;0;0;0;1;0;0;0;0;0;0;0;0;0;0;0;0;0;0;0;0;0;0;0;0;1;0;0;0;0;0;0;0;0;0;0;0;823;0;0;0;0;0;0;0;0;0;0;0;0;0
SRR15595257;509;517;0;16;0;0;0;0;0;0;0;0;0;1;224212;2634;4967;0;0;1;66;0;0;6890;0;1;3;112;0;0;79;51;0;5;1;0;0;0;0;4;0;0;1;0;0;0;1150492;425;250;355723;2;0;1;0;5;1;6;0;99;146;0;185;0;37;119740;61970;3;0;0;57112;0;0;0;306;101459;23;0;322;380;42373;6236841;0;136973;38;0;434;0;9;0;9;3;1;2;0;0;0;0;0;0;0;1;0;0;0;0;0;0;0;0;0;0;0;0;0;0;0;0;0;0;0;65;31;284;2;8;32;3178138;2;1;0;63;0;73;1;0;0;0;0;0;0
SRR15595248;7822;7900;0;0;0;0;0;0;0;0;0;0;0;0;37146;519;73;0;0;4;0;0;0;689;0;0;2;42;0;0;36;40;4;0;0;0;0;0;0;0;0;0;0;0;0;0;196359;78;504;658052;1;1;0;0;0;0;1;0;4;40;0;526;0;2;31003;62361;2;9;0;46;0;0;0;163;23777;16;4;78;87;222059;4162113;0;6210;0;1;0;0;0;0;0;0;0;2;0;0;0;0;0;0;0;0;0;0;0;0;0;0;0;0;0;0;0;0;0;0;0;0;0;0;0;40;0;814;0;6;5;477779;1;0;0;77;0;0;0;0;0;0;0;0;0
SRR15595305;765;774;0;0;0;0;0;0;0;0;0;0;1;0;61167;845;36;0;0;0;11;0;0;7402;0;3;0;43;0;0;14;48;0;2;0;0;0;0;0;0;0;0;0;0;0;0;26446;120;34475;247296;9;1;0;0;9;0;1;0;39;43;0;126;0;6;34767;604;2;1;0;14511;0;1;0;71;8196;3;2;180;0;141235;2816175;0;10416;0;1;0;0;0;1;2;0;1;2;0;0;0;2;0;0;0;0;0;0;0;0;0;0;0;0;0;0;0;0;0;0;0;0;0;0;1;38;0;68;0;4;12;1002162;2;1;0;35;1;26;0;0;0;0;0;0;0
SRR22402349;3748;0;0;0;0;0;0;0;0;0;0;0;0;0;10449;1913;19;0;0;1;1;17;0;43843;1;0;22;21461;0;0;5;33;11;0;0;0;0;0;0;0;0;0;0;3616;0;0;47308;593;148269;55983;1;0;0;0;0;0;2;0;6663;31;0;428;0;2;9777;272;16;0;0;0;0;0;0;12;365344;8;0;0;419;34120;2075092;0;395004;17;4;0;0;0;0;6;0;0;0;0;0;0;0;0;0;0;0;0;0;0;0;0;0;0;0;0;0;0;0;0;0;0;0;0;0;0;577;0;74;0;2;10;28301729;0;2;48;578;0;0;0;0;0;0;0;0;0
SRR22402273;197856;0;3;0;0;0;0;0;0;0;0;0;0;2;188015;3783;540432;0;0;5;1;2;0;1065919;1;0;0;268;0;0;147;201;2;7;0;0;0;0;0;0;0;0;1;9004;0;0;3404864;857;1061766;191460;51;2;0;0;0;0;93;0;1;115;15;1540;0;0;61488;692;2;1;0;0;0;0;0;331;525513;0;0;0;540;436442;25459069;0;662148;251;11;0;0;0;0;41;0;4;0;0;1;0;0;0;0;275;0;0;0;0;0;0;0;0;0;0;0;0;0;0;0;0;0;0;0;1;288;0;131;0;1;8;55318630;0;3;273;241;0;0;0;0;0;0;0;0;0
SRR15595329;4874374;4914194;0;0;0;0;0;0;0;0;0;0;0;0;4053;15;0;0;0;0;0;0;0;8;0;0;0;0;0;0;0;0;0;0;0;0;0;0;0;0;0;0;0;0;0;0;882;0;0;23;1;0;0;0;0;0;0;0;0;0;0;0;1;0;2355;15;0;0;0;0;0;0;0;0;0;0;0;29;0;9;351;0;2;0;0;0;0;0;0;0;0;0;0;1;0;0;0;0;0;0;3;0;0;0;0;0;0;0;0;0;0;0;0;0;0;0;0;0;0;0;0;0;0;0;0;0;14;0;0;0;0;0;0;0;0;0;0;0;0;0
SRR22402314;4956;0;28;68;7;0;0;0;0;0;0;3;7;10;33672;6392;49706;8;13;84;28;14;18;376547;13;0;5;546;95;0;47;764;61;16;1;10;0;0;0;0;0;0;3;22448;16;0;466605;817;454543;105703;20;2;5;0;8;55;4;0;40912;289;9;1836;0;48;63025;800606;13;569;0;35355;0;12;0;747;220154;18;8;0;1739;68303;11330215;5;154043;143;11;0;0;1;0;50;1;185;29;0;253;0;12;0;0;0;0;0;0;0;0;0;0;0;0;0;0;0;0;0;0;0;0;0;0;0;220;0;1241;3;14;36;21459608;3;4;385;211;3;0;0;0;0;0;0;0;0
SRR22402321;4612;0;0;42;0;26;0;0;0;0;0;0;8;2;40225;6104;208;0;2;5;10;4;2;787087;0;1;13;642;0;2;96;701;0;6;0;0;2;0;0;0;0;0;88;13753;12;1;910167;4595;724281;595628;44;5;2;0;0;0;5;0;270;132;0;9993;0;7;325036;2020808;59;2;0;58;0;0;0;146;256546;11;8;0;1267;58805;18391581;0;36288;41;8;0;0;1;0;20;0;3;20;0;0;0;0;0;0;0;0;0;0;0;15;0;0;0;0;0;0;0;0;0;0;0;0;0;0;1;186;2;539;1;3;908;29843918;0;0;112;177;1;0;0;0;0;0;0;0;0
SRR22402322;45355;0;0;12;0;0;0;0;0;0;0;2;2;0;32476;12276;22453;2;53;6;81;3;34;153233;27;0;13;691;0;0;106;612;266;7;2;0;0;0;0;1;0;0;12;68023;3;0;2141919;865;1269263;447346;189;0;10;1;36;1;84;9;44649;798;6;1629;0;26;31045;747487;17;14;1;83891;1;0;0;796;304820;123;0;0;289;43191;8622247;11;172085;290;49;0;2;31;3;209;1;72;14;0;0;0;7;0;0;0;0;224;0;0;0;0;0;0;0;0;0;0;0;0;1;0;0;0;0;12;696;0;928;0;22;24;16008560;5;2;28;187;6;0;0;0;0;0;0;0;0
SRR22402259;58166;0;0;1;5;0;0;0;0;0;0;0;0;2;31312;17512;232;0;2;104;33;0;13;128065;16;3;12;104;0;0;37;371;0;27;0;0;0;0;0;0;0;2;0;5790;56;0;11603;843;682928;204812;33;1;4;0;26;0;187;0;3265;106;6;210;0;9;21182;430764;29;53;0;49995;0;4;0;319;103445;18;1;0;2286;24953;9280435;2;128880;422;10;0;0;176;0;7;0;178;40;2;101;0;3;3890;0;0;0;11;0;0;0;0;0;0;0;0;0;0;0;0;0;0;0;0;0;1;636;0;663;59;6;405;13919856;0;1;68;73;0;0;0;0;0;0;0;0;0
SRR15595336;17418407;17566979;0;0;0;0;0;0;0;0;0;0;0;0;21362;215;0;0;0;0;0;0;0;113;0;0;0;0;0;0;0;1;0;0;0;0;0;0;0;0;0;0;0;0;0;0;3923;17;0;60;7;0;0;0;0;0;0;0;0;0;0;0;2;0;9048;0;0;1;0;0;0;0;0;0;1;0;0;135;0;59;510;0;50;0;0;22;0;0;0;0;0;0;0;10;0;0;0;0;0;0;0;0;0;0;0;0;0;0;0;0;0;0;0;0;0;0;0;0;0;0;0;0;3;0;0;0;134;0;0;0;0;0;0;0;0;0;0;0;0;0
SRR22402352;12870;0;1;0;1;2;0;0;0;0;0;1;0;0;116829;2156;98;0;0;0;4;1;0;201470;0;0;3;295;0;0;26;94;0;2;2;0;0;0;0;0;0;0;22;1478;0;0;564673;779;289586;288775;2;1;0;1;0;1;1;0;0;132;54;1837;0;21;76780;181641;0;0;0;0;0;0;0;4;356387;2;1;0;882;23842;13865608;0;670425;33;28;0;0;0;0;36;0;0;0;0;0;0;0;0;0;0;0;0;0;0;0;0;0;0;0;0;0;0;0;0;0;0;0;0;0;1;95;0;89;0;0;10;26562256;0;0;359;15;0;0;0;0;0;0;0;0;0
SRR15595253;1915;1935;173;5;0;2;0;0;0;0;0;0;0;5;541776;575;6;0;1;0;7;1;0;1642;0;3;2;32;0;0;16;49;0;1;0;0;0;0;0;0;0;0;0;0;0;0;9731968;197;164;1822165;4;0;0;0;0;0;1;0;4;36;0;322;0;0;600457;723;3;1;0;55;0;0;0;23;450;0;0;173;0;127794;7569147;0;58881;42;3;200;0;1;0;0;0;1;1;0;0;0;0;0;0;0;1;0;0;1;0;0;0;0;0;0;0;2;0;0;0;0;0;0;0;1;13;0;30;1;0;59;124436;1;0;0;5;0;1154;30;0;0;0;0;0;0
SRR22402263;19156;0;0;0;2;0;0;0;0;0;0;4;0;0;79851;7641;4606;0;6;2;5;0;8;59293;2;0;19;172;6;0;61;22;0;3;0;0;0;0;0;0;0;0;2;5553;7;0;186450;285;590897;33237;0;0;2;0;0;0;5;0;133579;123;8;645;0;3;14160;866091;46;4;1;0;1;0;0;101;38136;9;2;0;372;59990;6035849;1;248191;53;3;0;0;0;0;16;0;15;2;0;0;0;0;0;0;0;0;1;0;0;0;0;0;0;0;0;0;0;0;0;0;0;0;0;0;0;516;0;398;15;8;66;11712809;0;1;43;63;0;0;3;0;1;0;0;0;0
SRR22402312;13440;0;0;0;7;0;0;0;0;0;0;0;3;1;9423;1857;157;0;0;0;2;0;6;5454;2;0;0;103;0;0;26;88;2;18;0;1;0;0;0;0;0;0;0;5353;1;0;5673;272;563887;86796;3;5;0;0;0;18;6;0;134148;80;1;220;0;3;7565;491;6;0;0;0;0;3;1;115;74160;19;0;0;970;156102;8128574;0;439497;0;0;1;0;0;0;16;0;3;0;0;0;0;0;0;0;0;0;1;0;0;3;0;0;0;0;0;0;0;0;0;0;0;0;0;0;0;108;0;75;0;0;6;16019976;0;0;23;8;0;0;0;0;0;0;0;0;0
SRR22402335;5028;0;0;0;48;0;0;0;0;0;0;0;0;0;14716;1741;39;0;0;0;0;0;11;133646;0;0;2;46;0;0;20;30;0;13;0;0;0;0;0;0;0;0;10;5147;3;0;431134;208;576610;331297;0;1;0;0;0;2;4;0;0;50;1;112;0;3;42924;49;17;1;0;0;0;0;0;4;90863;6;0;0;1238;312275;7827965;0;313149;17;3;0;0;0;9;0;0;5;10;0;0;0;0;0;0;0;0;1;0;0;0;0;0;0;0;0;0;0;0;0;0;0;0;0;0;1;97;0;90;0;0;4;11985909;1;0;56;3;0;0;0;0;0;0;0;0;0
SRR22402384;7910;0;0;0;1;0;0;0;0;0;0;0;0;0;17601;704;0;0;0;0;0;0;0;190231;0;0;0;91885;0;0;2;14;0;1;0;0;0;0;0;0;0;0;0;3969;0;0;14400;2231;263276;241720;0;0;0;0;0;0;0;0;0;72;0;44;0;0;20659;55;1;0;0;0;0;0;7;1;97040;0;0;0;314;175227;4173959;0;299549;0;0;0;0;0;0;0;0;0;0;0;0;0;0;0;0;0;0;0;0;0;0;0;0;0;0;0;0;0;0;0;0;0;0;0;0;0;221;0;149;0;0;8;21514682;0;0;20;1366;0;0;0;0;0;0;0;0;0
SRR22402267;48000;0;11;0;0;4;0;0;0;0;0;0;3;20;221353;2316;60;1;0;2;16;0;12;219342;0;1;2;126;0;0;22;121;0;18;0;1;0;0;0;0;0;0;6;10337;0;0;245609;1258;798645;391775;7;5;1;0;18;0;10;2;355;22;2;676;0;8;115937;6;8;1;0;0;37;2;1;42;202711;7;1;0;3273;147292;15103964;0;710628;18;5;0;0;0;8;0;0;1;7;0;0;0;0;0;0;0;0;0;0;0;0;0;0;0;0;0;0;0;0;0;0;0;0;0;0;0;455;0;472;7;119;350;35811937;0;2;1744;69;0;0;0;0;0;0;0;0;0
SRR22402293;29599;0;0;10;3;0;0;0;0;0;0;0;0;1;225880;582;194;0;0;9;2;2;0;29960;0;0;2;466;0;0;18;15;1;0;1;0;0;0;0;0;0;0;0;1793;0;0;48389;2277;253406;115549;0;1;0;0;0;0;6;0;0;9;0;99;0;0;119066;85;6;0;0;0;0;0;0;6;3568;0;0;0;420;16985;4459828;0;118078;19;2;0;5;6;0;0;0;0;0;0;8;0;0;0;0;0;0;0;0;0;0;0;0;0;0;0;0;0;0;0;0;0;0;0;0;0;94;0;33;1;0;2;20240878;0;0;320;3;0;0;0;0;0;0;0;0;0
SRR15595255;678;685;0;0;0;0;0;0;0;0;0;0;0;0;112521;938;30;0;0;30;2;0;3;3615;0;2;1;43;0;0;25;18;1;0;1;0;0;0;0;0;0;0;0;0;0;0;1787219;179;2193;310662;6;3;1;0;1;0;1;0;18;48;0;364;0;5;457927;589;3;0;0;115;0;1;0;11;9356;16;2;179;2;29053;8831136;0;601155;0;2;283;0;0;0;2;0;8;3;1;0;0;3;0;0;0;0;0;0;0;0;0;1;0;0;0;0;0;0;0;0;0;0;0;0;0;29;0;89;5;6;4;3880378;1;0;0;0;0;82;0;0;0;0;0;0;0
SRR15595335;14227316;14347220;0;0;0;0;0;0;0;0;0;0;0;0;21755;103;0;0;0;0;0;0;0;302;0;0;0;0;0;0;0;4;0;0;0;0;0;0;0;0;0;0;0;0;0;0;4078;16;0;30;10;0;0;0;0;0;0;0;0;0;0;0;2;0;10368;34;0;0;0;0;0;0;0;0;0;0;0;116;0;7;558;0;0;0;0;22;0;0;0;0;0;0;0;8;0;0;0;0;0;0;2;0;0;0;0;0;0;0;0;0;0;0;0;0;0;0;0;0;0;0;0;0;3;0;0;0;17;0;0;0;0;0;0;0;0;0;0;0;0;0
SRR22402371;10889;0;0;0;0;0;0;0;0;0;0;0;0;0;220;21;0;0;0;0;0;1;0;48;0;0;0;8;0;0;3;0;0;0;0;0;0;0;0;0;0;0;0;101;0;0;18126;0;20844;19071;0;0;0;0;0;0;1;0;0;6;0;29;0;0;4470;0;0;0;0;0;2;0;0;2;18194;0;0;0;86;14867;1522447;0;51768;0;0;0;0;0;0;0;0;0;0;0;0;0;0;0;0;0;0;0;0;0;0;0;0;0;0;0;0;0;0;0;0;0;0;0;0;0;7;0;9;0;0;1;4481291;0;0;35;3;0;0;0;0;0;0;0;0;0
SRR22402309;8623;0;2;0;2;36;0;6;1;0;0;10;1;0;107122;5388;150;0;1;1;1;0;0;643904;12;0;11;81;0;0;60;279;0;7;0;0;1;0;0;0;0;0;0;3967;2;0;375874;32;687839;240781;12;3;3;1;0;1;206;0;86;104;8;169;0;0;55814;73370;41;3;0;26;0;0;0;36;166275;0;0;0;246;67465;14168876;0;361443;249;2;0;0;217;48;8;0;6;12;0;0;0;0;0;0;0;0;0;0;0;0;0;0;0;0;0;0;0;0;0;0;0;0;0;0;0;584;0;87;1;2;13;22317919;0;1;289;76;0;0;17;0;0;0;0;0;0
SRR22402344;84860;0;0;63;0;0;0;0;0;0;0;0;6;0;239460;7765;445;3;0;54;8;3;13;78183;13;0;2;2238;24;0;157;155;6;34;0;0;0;0;0;0;0;0;0;7032;0;0;17613;461;695400;528869;67;3;0;1;4;0;176;0;6132;228;28;2802;0;23;83502;968;91;1;0;154007;0;2;0;275;177659;58;1;0;172;97855;10003225;0;214563;297;9;0;0;182;0;22;0;10;3;0;0;0;0;0;0;0;0;0;0;0;0;0;0;0;0;0;0;0;0;0;0;0;0;0;0;1;815;0;382;0;0;59;17820025;1;0;47;176;0;0;0;0;0;0;0;0;0
SRR22402306;36226;0;0;0;4;0;0;0;0;0;0;0;1;0;4685727;918;59;0;0;3;11;0;3;33031;4;0;6;8;0;0;16;22;0;0;1;0;0;0;0;0;0;0;2;1436;0;0;6361;53;276399;64201;5;0;6;0;2;0;0;0;8;31;5;33;0;0;7882;305;9;1;0;0;0;0;0;0;51158;0;2;0;231;23159;8935142;0;432833;19;9;0;3;0;0;15;2;2;10;0;0;0;0;108788;0;0;0;0;0;1;0;0;0;0;0;0;0;0;0;0;0;0;0;0;0;0;45;0;64;5;1;3;21104620;0;0;0;2;1;0;0;0;0;0;0;0;0
SRR15595267;10199;10286;3;1;0;0;0;0;0;0;0;0;1;0;31528;126;9;0;0;0;0;0;0;1661;0;0;1;3;0;0;11;2;1;0;0;0;0;0;0;0;0;0;0;1;0;0;163105;104;595;84437;0;0;1;0;0;0;0;0;0;3;0;87;0;0;65537;2385;1;0;0;47;0;0;0;5;3328;1;1;0;83;9155;2644065;0;74907;1;0;0;0;0;0;1;0;3;1;0;0;0;0;0;0;0;0;0;0;0;0;0;1;0;0;0;0;0;0;0;0;0;0;0;0;0;7;0;9;0;1;1;1155413;0;0;0;2;0;22;0;0;0;0;0;0;0
SRR22402367;17345;0;0;0;4;0;0;0;0;0;0;0;0;1;1113328;157;10;0;0;1;1;1;0;370389;0;0;0;43;0;0;4;10;0;0;0;0;0;0;0;0;0;0;5;3168;1;0;253235;101;403344;276740;0;0;0;0;0;0;0;0;0;7;0;120;0;0;92754;0;0;0;0;0;0;0;0;3;32349;0;0;0;35;34590;5650023;0;748105;2;1;0;0;0;0;0;0;0;0;0;0;0;0;0;0;0;0;0;0;0;0;0;0;0;0;0;0;0;0;0;0;0;0;0;0;0;53;0;53;1;0;1;19980079;1;0;825;2;0;0;0;0;0;0;0;0;0
SRR15595347;6171945;6212502;0;0;0;0;0;0;0;0;0;0;0;0;6698;40;0;0;0;0;0;0;0;48;0;0;0;0;0;0;0;0;0;0;0;0;0;0;0;0;0;0;0;0;0;0;1489;8;0;182;0;0;0;0;0;0;0;0;0;0;0;0;0;0;3027;0;0;0;0;0;0;0;0;0;12;0;0;38;0;21;872;0;1;0;0;6;0;0;0;0;0;0;0;0;0;0;0;0;0;0;0;0;0;0;0;0;0;0;0;0;0;0;0;0;0;0;0;0;0;0;0;0;0;0;0;0;803;0;0;0;0;0;0;0;0;0;0;0;0;0
SRR15595254;705;714;0;9;0;0;0;0;0;0;0;0;0;0;25764;57;0;0;0;7;0;0;1;240;0;0;0;15;0;0;26;15;0;0;0;0;0;0;0;0;0;0;0;0;0;0;1271362;24;672;159163;0;0;0;0;0;0;0;0;0;2;0;20;0;0;21692;237;0;0;0;24;0;0;0;8;1466;0;1;58;38;23837;3981316;0;17681;2;0;0;0;0;0;0;0;0;0;0;0;0;0;0;0;0;6;0;0;0;0;0;1;0;0;0;0;0;0;0;0;0;0;0;0;0;2;0;8;0;0;6;50607;0;0;0;102;0;31;0;0;0;0;0;0;0
SRR15595339;12790078;12882985;0;0;0;0;0;0;0;0;0;0;0;0;15910;94;0;0;0;0;0;0;0;104;0;0;0;0;0;0;0;3;0;0;0;0;0;0;0;0;0;0;0;0;0;0;2958;24;0;113;6;0;0;0;0;0;0;0;0;0;0;0;0;0;7992;0;0;0;0;0;0;0;0;0;14;0;0;133;0;4;897;0;3;0;0;25;0;0;0;0;0;0;0;0;0;0;0;0;0;0;0;0;0;0;0;0;0;0;0;0;0;0;0;0;0;0;0;0;0;0;0;0;4;0;0;0;748;0;0;0;0;0;0;0;0;0;0;0;0;0
SRR15595277;687;688;0;2;0;0;0;0;0;0;0;0;0;0;20651;275;7;0;0;7;0;0;0;434;3;1;2;26;0;0;27;19;0;0;0;0;0;0;0;0;0;0;4;1;0;0;1272194;330;806;641723;1;0;0;0;0;0;2;0;0;17;0;110;0;0;403360;1203;1;1;0;107;0;0;0;4;46952;0;0;59;0;36027;5734445;0;285979;0;0;87;0;1;0;0;0;0;0;0;0;0;0;0;0;0;0;0;0;0;0;0;0;0;0;0;0;0;0;0;0;0;0;0;0;0;28;0;26;0;0;2;2173187;0;0;0;155;0;521;0;0;0;0;0;0;0
SRR22402355;134796;0;12;5;0;12;0;0;0;0;0;0;4;0;57968;5234;27287;1;3;28;44;0;1;52737;1;0;1;2122;0;0;26;53;1;10;0;0;0;0;0;0;0;0;0;2139;9;0;25141;244;623437;54791;0;0;0;0;14;1;0;1;3199;109;2;2412;0;0;10364;23177;24;0;0;16663;1;0;0;45;32722;40;2;0;428;57138;8025294;0;138859;24;8;0;0;1;0;6;0;4;73;0;0;0;4;140168;0;0;0;0;0;0;0;0;0;0;0;0;0;0;0;0;0;0;0;0;0;1;127;0;280;2;2;65;13403980;0;83;292;7;0;0;0;0;0;0;0;0;0
SRR22402313;312975;0;2;0;46;0;0;0;0;0;0;6;0;0;1131192;11531;724;5;0;0;10;24;10;132078;1;0;1;263;0;0;275;300;185;11;1;0;0;0;0;0;0;0;0;42068;20;1;694723;44486;995935;190531;35;0;1;0;10;36;76;1;179096;548;15;12222;0;21;58599;1247;201;12;0;173781;0;3;0;364;26888;159;14;0;6588;1022204;14660301;3;250895;575;35;0;0;122;4;73;1;180;27;0;78;0;0;0;0;19;0;0;2;0;0;0;0;0;0;0;0;0;0;0;0;0;0;0;0;0;947;0;632;10;11;18;20986045;0;0;184;347;0;0;0;0;0;0;0;0;0
SRR22402365;6383;0;0;0;7;0;0;0;0;0;0;8;0;0;1061249;1191;8682;0;0;0;4;0;4;204418;5;0;0;413;0;0;12;21;3;2;0;0;0;0;0;0;0;0;0;2125;0;0;510543;454;357425;235569;0;1;0;1;1;1;4;0;7135;54;1;4632;0;4;140855;126;9;0;0;40007;0;3;0;7;142803;6;0;0;1741;27125;6641835;0;463268;6;1;0;0;0;0;13;0;0;0;0;2;0;10;0;0;0;0;0;0;0;0;0;0;0;0;0;0;0;0;0;0;0;0;0;0;0;65;0;123;1;0;14;25119393;0;1;153;17;0;0;0;0;0;0;0;0;0
SRR22402342;1427;0;7;0;0;6;0;0;0;0;0;3;0;0;43498;3587;157;0;0;12;16;1;7;738208;2;0;3;63;13;0;64;77;0;11;1;0;0;0;0;0;0;0;2;2192;0;0;3212866;1299;2121609;1007670;7;2;11;2;1;49;9;0;12943;157;19;307;0;22;25024;1082;1;0;1;0;2;9;0;55;264568;8;2;0;1393;65386;9981667;0;1261720;84;20;0;0;5;0;53;0;23;12;0;0;0;0;0;0;0;0;0;0;0;0;0;0;0;0;0;0;0;0;0;0;0;0;0;0;0;150;0;313;6;8;154;18605220;0;0;362;1273;0;0;8;0;0;0;0;0;0
SRR22402289;205625;0;0;0;0;0;0;0;0;0;0;0;6;1;79732;2455;242;0;0;8;3;1;0;63591;1;0;15;153;0;0;92;80;0;15;0;0;0;0;0;0;0;0;0;6172;0;0;441925;1361;515753;394549;4;1;8;0;1;0;32;0;139755;69;1;1145;1;4;81759;182265;38;0;0;489;0;0;0;57;104331;5;1;0;266;65976;11096179;3;171635;80;8;1;0;56;2;16;0;4;1;1;0;0;5;0;0;0;0;0;0;0;0;0;0;0;0;0;0;0;0;0;0;0;0;0;0;0;148;0;346;9;0;4;16405355;0;0;259;35;0;0;0;0;0;0;0;0;0
SRR15595315;18293;18476;0;3;25;0;0;0;0;0;0;0;0;0;26253;287;6;0;1;0;2;0;0;389;0;0;0;9;0;0;52;11;0;0;0;0;0;0;0;0;0;0;4;0;0;0;696596;72;23;297724;1;0;0;0;0;0;0;0;0;18;0;34;0;2;100665;35;0;0;0;0;0;0;0;1;256;1;6;49;5;13268;2650178;0;21810;0;1;0;0;0;0;0;0;1;0;0;0;0;0;0;0;0;0;0;0;0;0;0;0;0;0;0;0;0;0;0;0;0;0;0;0;0;12;0;894;0;1;0;324289;0;0;0;0;0;35;0;0;0;0;0;0;0
SRR15595295;1554;1563;0;0;0;0;0;0;0;0;0;0;0;4;7660628;575;26;0;2;30;26;2;7;1123;1;4;0;81;0;1;16;7;0;27;0;0;0;0;0;0;0;0;0;1;0;0;640350;812;41;392565;7;2;4;0;0;0;3;0;0;23;0;798;0;0;59961;932;0;1;0;10;0;0;0;14;1009;1;1;86;0;116060;9025645;0;39093;2;0;129;0;0;0;0;0;1;0;0;0;0;0;0;0;0;0;0;0;0;0;0;0;0;0;0;0;0;0;0;0;0;0;0;0;0;8;32;13;0;2;7;197446;2;0;0;4;0;405;0;0;0;0;0;0;0
SRR22402343;129694;0;4;0;0;0;0;0;0;0;0;0;0;0;201737;12245;11467;0;0;0;53;14;2;45224;13;0;18;319;1;0;187;204;210;58;1;0;0;0;0;0;0;0;1;37992;2;0;292563;1764;701494;248107;1;1;5;0;1;43;11;0;17390;424;33;1926;0;150;27559;1129972;167;2;0;69931;0;3;0;559;179883;51;5;0;2527;122696;10114551;14;332285;133;8;0;0;1;0;6;3;66;15;0;26;0;1;0;0;0;0;0;0;0;0;0;0;0;0;148;0;0;0;0;0;0;0;0;0;1;559;0;415;0;2;86;13795328;6;2;168;173;0;0;0;0;0;0;0;0;0
SRR22402320;4151;0;0;0;0;0;1;0;0;0;0;0;2;0;141781;2865;859;3;3;2;3;1;2;134467;6;0;0;189;0;0;21;294;9;10;0;0;0;0;0;0;0;0;0;11305;0;0;118537;218;618526;237497;0;0;6;0;1;1;66;0;0;109;5;563;0;12;48102;42601;11;2;0;17093;0;0;1;133;112884;12;0;0;499;186465;8890977;0;132119;67;10;0;0;55;0;18;1;1;2;0;0;0;0;0;0;0;0;0;0;0;0;0;0;0;0;0;0;0;0;0;0;0;0;0;0;0;255;0;224;1;0;12;27735367;0;0;12;74;0;0;0;0;0;0;0;0;0
SRR15595351;10243827;10318374;0;0;0;0;0;0;0;0;0;0;0;0;7028;95;0;0;0;0;0;0;0;97;0;0;0;0;0;0;0;8;0;0;0;0;0;0;0;0;0;0;0;0;0;0;2482;0;4;174;2;0;0;0;0;0;0;0;0;0;0;0;1;0;6248;0;0;0;0;0;0;0;0;0;10;0;0;54;30;20;1542;0;17;0;0;0;0;0;0;0;0;0;0;1;0;0;0;0;0;0;0;0;0;0;0;0;0;0;0;0;0;0;0;0;0;0;0;0;0;0;0;0;2;0;0;0;1027;1;0;0;0;0;0;0;0;0;0;0;0;0
SRR15595244;740;744;0;1;0;0;0;0;0;0;0;0;1;0;71666;806;32;0;0;33;8;0;1;3857;1;2;3;22;0;0;20;2;0;0;0;0;0;0;0;0;0;0;0;0;0;0;512389;330;377;45720;2;0;0;0;0;0;0;0;0;45;0;97;0;0;48958;40626;0;0;0;28;0;0;0;45;3037;5;0;71;46;18523;3852956;0;95824;3;2;0;0;0;0;0;0;0;4;0;0;0;0;0;0;0;0;0;0;0;0;0;0;0;0;0;0;0;0;0;0;0;0;0;0;0;8;69;24;0;0;3;1257550;0;3;0;31;0;146;0;0;0;0;0;0;0
SRR22402326;11170;0;0;0;0;0;0;0;0;0;0;0;0;0;89084;1297;70;0;0;3;9;0;0;178873;5;1;5;122;0;0;13;61;37;6;0;0;0;0;0;0;0;0;0;7192;0;0;605132;278;234285;180564;4;9;1;0;4;0;2;0;4;35;0;106;0;0;364204;103;4;0;0;6;0;0;0;8;60067;3;0;0;455;27551;6332336;0;195268;28;1;0;0;0;0;3;0;0;0;0;0;0;0;0;0;1;0;0;0;0;0;0;0;0;0;0;0;0;0;0;0;0;0;0;0;0;467;0;202;0;1;35;16574413;0;0;48;111;0;0;0;0;0;0;0;0;0
SRR22402282;9682;0;4;0;4;0;0;0;0;0;0;0;0;1;3958;8385;301;0;16;0;1;0;0;1109;1;0;36;49;0;0;42;56;0;1;0;1;0;0;0;0;0;0;0;2374;14;0;4487;478;1543113;482031;1;0;12;0;0;0;0;0;5;118;3;441;0;0;116500;0;170;0;0;2;0;0;0;14;110924;1;1;0;771;487507;16965722;0;291886;7;3;0;0;0;0;0;0;0;0;0;0;0;0;0;0;0;0;0;0;0;0;0;0;0;0;0;0;0;0;0;0;0;0;0;0;0;21;0;336;0;2;6;20754722;0;0;241;7;0;0;0;0;0;0;0;0;0
SRR22402303;191324;0;0;0;0;0;0;0;0;0;0;7;0;0;423880;19523;957;0;17;0;52;0;11;89302;0;0;72;3340;0;0;42;286;52;11;1;0;0;0;0;0;0;0;3;21766;30;0;35786;2651;457624;123167;5;0;6;0;3;0;23;0;47692;568;8;3390;0;6;60867;57250;187;0;0;0;2;0;0;171;56096;123;0;0;217;52311;9478748;0;256035;206;11;0;0;71;0;40;0;4;8;0;0;0;0;0;0;0;0;0;0;0;0;0;0;0;0;0;0;0;0;0;0;0;0;0;0;2;203;0;2688;0;8;68;11557555;0;4;532;156;0;0;0;0;0;0;0;0;0
SRR22402354;15421;0;0;13;0;5;0;0;0;0;0;1;0;0;45682;2323;112;0;0;1;15;0;0;317903;2;0;4;156;0;0;14;56;0;1;1;0;0;0;0;0;0;0;0;8448;0;0;325553;197;260070;113559;11;1;7;0;0;8;15;0;1487;93;3;232;0;0;43524;23111;7;0;0;0;0;0;0;9;104723;9;0;0;155;32327;8210236;0;182153;64;0;0;0;25;0;11;0;0;3;0;0;0;0;0;0;2;0;0;0;0;0;0;0;0;0;0;0;0;0;0;0;0;0;0;0;0;304;0;67;0;1;18;19243937;1;4;44;2;1;0;0;0;0;0;0;0;0
SRR22402380;155846;0;0;0;0;0;0;0;0;0;0;0;1;0;715336;112;0;0;0;0;1;0;0;61614;0;0;1;70;0;0;6;4;0;0;0;0;0;0;0;0;0;0;0;649;0;0;104009;28;68637;615251;2;0;0;0;0;0;0;0;0;3;0;243;0;0;47631;18;4;0;0;0;0;0;8;0;9338;0;0;0;420;133880;6888457;0;112433;2;0;0;0;0;0;0;0;0;0;0;0;0;0;0;0;0;0;0;0;0;0;0;0;0;0;0;0;0;0;0;0;0;0;0;0;0;47;0;122;0;0;4;23444605;0;0;338;2;0;0;0;0;0;0;0;0;0
SRR22402378;3499268;0;0;0;0;0;0;0;0;0;0;0;1;6;56681;3618;208;0;0;20;9;14;10;536462;3;0;7;845;1;0;46;207;56;10;0;0;0;0;0;0;0;0;10;16330;0;0;3160419;476;637616;159227;16;2;2;0;0;4;9;0;1329450;247;15;2134;0;0;127706;83625;23;1;0;0;1;1;0;136;68110;114;0;0;976;44275;13601542;0;453401;43;15;7;0;0;101;18;0;9;10;0;0;0;0;0;0;0;0;0;0;1;0;0;0;0;0;0;0;0;0;0;0;0;0;0;0;0;670;0;859;0;0;37;25477661;0;1;103;191;0;0;0;0;0;0;0;0;0
SRR22402301;43019;0;3;0;3;0;0;0;0;0;0;6;0;0;11968;4343;197;1;0;5;5;0;2;310007;10;0;4;109;0;0;28;145;68;13;0;9;0;0;0;0;0;0;11;24959;0;0;252946;4008;558676;25003;8;1;2;19;0;2;1;0;188907;284;1;260;0;31;106574;539836;22;0;0;18419;0;5;0;47;107831;39;0;0;453;52288;12125903;3;163019;112;16;0;0;3;0;16;0;55;18;0;7;0;0;3559;0;0;0;0;0;0;0;0;0;0;0;0;0;0;0;0;0;0;0;0;0;0;253;0;225;5;6;69;16043893;1;0;190;2747;2;0;0;0;0;0;0;0;0
SRR22402333;14900;0;2;0;1;0;0;0;0;0;0;0;0;0;9457;313;24;0;0;0;3;0;0;291959;0;0;1;136;0;0;13;19;0;3;0;0;0;0;0;0;0;0;2;6007;4;0;134559;239;152881;129776;5;0;0;0;0;0;1;1;111;13;0;233;0;2;70014;0;0;0;0;0;1;0;4;65;14386;1;0;0;48;135140;8940502;0;140261;0;2;0;0;0;0;2;0;0;0;0;0;0;0;0;0;0;0;0;0;0;0;0;0;0;0;0;0;0;0;0;0;0;0;0;0;0;26;0;59;1;1;4;21168864;0;0;51;1;0;0;0;0;0;5;0;0;0
SRR15595259;39448;39808;111;1;0;0;0;0;0;0;0;0;0;0;618842;125;0;0;0;0;1;0;0;438;1;0;0;57;0;0;18;5;0;0;0;1;0;0;0;0;0;0;0;0;0;0;758816;4;41;55194;0;0;2;0;0;0;0;0;0;11;0;667;0;0;125491;151;0;1;0;0;0;0;0;17;24;0;0;33;142;137762;5042595;0;41141;18;0;23;4;0;0;0;0;0;0;0;0;0;0;0;0;0;0;0;0;0;0;0;1;0;0;0;0;2;0;0;0;0;0;0;0;0;3;0;14;0;1;3;276978;0;0;0;2;0;163;0;0;0;0;0;0;0
SRR22402256;3752;0;2;2;0;0;0;0;0;0;0;0;0;0;4213;600;22;0;0;0;3;0;1;288516;13;0;1;114;0;0;48;72;0;0;0;0;0;0;0;0;0;0;0;2711;11;0;1361142;578;343653;765002;2;0;0;0;2;0;0;0;4;16;1;515;0;0;17344;5065;44;0;0;0;0;0;0;33;193244;0;0;0;69;158565;15688457;0;263706;0;0;0;0;0;0;0;0;0;6;0;0;0;0;0;0;0;0;0;0;0;0;0;0;0;0;0;0;0;0;0;0;0;0;0;0;0;38;0;293;0;0;3;14847461;1;1;71;300;0;0;0;0;0;0;0;0;0
SRR22402272;1587254;0;0;0;0;0;0;0;0;0;0;0;0;0;639463;14675;82;0;13;0;102;0;1;1016687;35;0;108;30443;0;0;16;64;0;0;1;0;0;0;0;0;0;0;20;2136;22;0;1466723;78016;2217763;807456;13;1;0;0;0;0;0;0;0;270;0;42999;1;0;58653;695;236;2;0;0;0;0;0;230;659492;0;1;0;982;1693010;20447254;0;253309;15;8;0;0;0;0;0;0;0;3;1;0;0;0;0;0;0;0;0;0;0;0;0;0;0;3;0;0;0;0;0;0;0;0;0;0;2;117;0;311;21;0;30;64768191;2;0;270;38941;0;0;0;0;0;0;0;0;0
SRR22402260;1553;0;0;0;0;0;0;0;0;0;0;0;0;0;174517;4910;128;0;0;2;3;1;6;67576;0;0;9;184;0;0;66;130;0;21;0;0;0;0;0;0;0;0;0;7042;0;0;142676;357;639301;97546;1;7;3;1;0;1;3;0;283;46;0;111;0;6;60677;158509;9;0;0;10238;0;6;0;2;39811;4;5;0;171;39217;10942315;0;99500;19;3;0;0;2;0;7;5;3;7;0;0;0;0;0;0;0;0;0;0;0;0;0;0;0;0;0;0;0;0;0;0;0;0;0;0;0;855;0;173;1;5;32;10884646;0;0;100;151;1;0;1;0;0;0;0;0;0
SRR22402372;5448;0;3;0;12;0;0;0;0;0;0;0;0;0;394247;2885;204478;0;0;1;0;1;1;562580;0;0;1;9410;0;0;2;8;0;0;0;0;0;0;0;0;0;0;0;221;0;0;66256;125;754764;38912;0;0;0;0;0;0;1;0;714;283;0;130;0;0;24445;193184;1;1;0;8615;0;3;0;7;105739;0;0;0;337;11387;3769249;0;1888476;419;2;0;0;0;0;1;0;75;14;0;10;0;0;0;0;0;0;0;0;0;0;0;0;0;0;0;0;0;0;0;0;0;0;0;0;0;1011;0;308;0;5;16;28510101;8;0;0;8;0;0;0;0;0;0;0;0;0
SRR15595332;13238087;13345532;0;0;0;0;0;0;0;0;0;0;0;0;11960;143;0;0;0;0;0;0;0;65;0;0;0;0;0;0;0;2;0;0;0;0;0;0;0;0;0;0;0;0;0;0;2999;9;0;61;2;0;0;0;0;0;0;0;0;0;0;0;0;0;8149;0;0;1;0;0;0;0;0;0;0;0;0;90;0;0;1089;0;9;0;0;3;0;0;0;0;0;0;0;10;0;0;0;0;0;0;0;0;0;0;0;0;0;0;0;0;0;0;0;0;0;0;0;0;0;0;0;0;1599;0;0;0;149;0;0;0;0;0;0;0;0;0;0;0;0;0
SRR15595349;8623962;8682170;0;0;0;0;0;0;0;0;0;0;0;0;10627;10;0;0;0;0;0;0;0;77;0;0;0;0;0;0;0;6;0;0;0;0;0;0;0;0;0;0;0;0;0;0;2049;0;0;15;3;0;0;0;0;0;0;0;0;0;0;0;1;0;5216;0;0;0;0;0;0;0;0;0;0;0;0;117;0;6;991;0;0;0;0;6;0;0;0;0;0;0;0;4;0;0;0;0;0;0;0;0;0;0;0;0;0;0;0;0;0;0;0;0;0;0;0;0;0;0;0;0;0;0;0;4;51;0;0;0;0;0;0;0;0;0;0;0;0;0
SRR22402324;2880;0;0;0;0;0;0;0;0;0;0;0;2;0;86414;3261;50;0;1;0;35;15;24;214218;22;0;1;19;0;0;42;76;1;3;0;3;0;0;0;0;0;0;0;3941;0;0;326542;201;338549;300699;1;0;5;0;1;0;3;0;72612;155;1;140;0;0;31288;660;11;0;0;33719;3;3;1;12;93191;3;2;0;600;87785;11687362;0;319638;69;6;0;0;1;0;9;3;9;22;0;0;0;0;0;0;0;0;0;2;0;0;0;0;0;0;0;0;0;0;0;0;0;0;0;0;0;339;0;179;4;14;79;18801899;0;0;23;120;0;0;0;0;0;0;0;0;0
SRR22402279;2518;0;1;3;0;0;0;0;0;0;0;3;1;0;41066;5317;76;3;4;0;8;2;1;97865;7;0;12;77;0;0;25;235;0;6;0;0;0;0;0;0;0;0;0;1527;3;0;239314;1291;482463;31195;25;2;0;2;1;0;106;0;0;75;5;485;0;0;19564;52532;35;0;0;0;6;0;0;273;119666;21;0;1;152;19478;3992521;0;71575;292;12;0;4;0;0;6;0;1;36;0;0;0;0;0;0;0;0;0;0;1;0;0;0;0;0;0;0;0;0;0;0;0;0;0;0;0;545;0;349;1;1;15;6131923;0;0;66;153;0;0;0;0;0;0;0;0;0
SRR15595273;34443;34728;0;1;2;0;0;0;0;0;0;0;0;0;316070;427;53;0;0;0;1;1;1;685;0;1;0;78;2;2;39;14;0;0;0;2;0;0;0;0;0;0;0;0;1;0;567289;138;207;423722;1;0;0;0;0;0;2;0;7;6;0;600;0;1;127768;52770;2;1;0;0;4;0;0;7;427;0;0;38;79;84914;4390979;0;65380;8;3;49;2;0;1;0;0;0;1;1;0;0;0;0;36;0;0;0;0;0;0;0;0;0;0;0;0;0;0;0;0;0;0;0;0;1;14;12;28;0;0;1;343627;0;0;0;0;0;94;2;0;0;0;0;0;0
SRR22402286;77074;0;12;0;3;0;0;0;0;0;0;0;0;0;103435;2029;240;0;0;1;31;0;0;85498;1;0;0;101;0;0;23;78;0;3;0;0;0;0;0;0;0;0;0;5207;0;0;158102;202;543657;128607;1;1;4;3;34;0;7;2;549;19;5;281;0;0;53140;176841;7;0;0;0;0;0;0;68;142020;28;0;0;6209;61830;8522326;0;419696;7;1;0;0;0;0;5;0;0;21;0;0;0;0;0;0;0;0;0;0;1;0;0;0;0;0;0;0;0;1;0;0;0;0;0;0;1;195;3;88;0;0;4;17612610;1;0;407;1;1;0;25;0;0;0;0;0;0
SRR15595331;12576471;12662826;0;0;0;0;0;0;0;0;0;0;0;0;13339;68;0;0;0;0;0;0;0;123;0;0;0;0;0;0;0;1;0;0;0;0;0;0;0;0;0;0;0;0;0;0;2960;10;0;153;0;0;0;0;0;0;0;0;0;0;0;0;1;0;7437;0;0;0;0;0;0;0;0;0;19;0;0;101;0;22;1231;0;11;0;0;0;0;0;0;0;0;0;0;18;0;0;0;0;0;0;0;0;0;0;0;0;0;0;0;0;0;0;0;0;0;0;0;0;0;0;0;0;0;0;0;0;971;0;0;0;0;0;0;0;0;0;0;0;0;0
SRR15595291;5755302;5798541;0;0;0;0;0;0;0;0;0;0;0;0;17738;3897;0;0;0;0;0;0;0;397;0;0;0;0;0;0;0;0;0;0;0;0;0;0;0;0;0;0;0;0;0;0;7893;94;3;219;0;0;0;0;0;0;0;0;0;0;0;0;0;0;8701;0;0;1;0;0;0;0;0;0;0;0;0;51;0;2;1558;0;0;0;78;15;0;0;0;0;0;0;0;0;0;0;0;0;0;0;0;0;0;0;0;0;0;0;0;0;0;0;0;0;0;0;0;0;0;0;0;0;2336;0;0;0;256;0;0;0;0;0;0;0;0;0;0;0;0;0
SRR15595330;986;991;0;1;0;0;0;0;0;0;0;0;0;0;112420;477;49;1;0;0;1;0;0;4690;0;0;0;14;0;0;1;6;0;0;0;0;0;0;0;0;0;0;0;0;0;0;264824;159;114;184612;4;0;0;1;0;0;1;0;0;8;0;87;0;0;15803;268;1;0;0;81;0;0;0;3;23802;0;0;145;13;7539;3565641;0;11889;61;8;0;0;0;0;0;0;0;0;0;0;0;0;0;0;0;0;0;0;0;0;0;0;0;0;0;0;0;0;0;0;0;0;0;0;1;154;0;34;0;1;11;1124576;0;1;0;79;0;83;0;0;0;0;0;0;0
SRR22402383;1390;0;0;0;0;0;0;0;0;0;0;0;0;0;30678;368;8;0;0;0;0;0;0;332674;3;0;0;133;0;0;11;18;1;0;0;0;0;0;0;0;0;0;0;3266;0;0;371719;49;668418;369027;0;3;0;0;0;0;0;0;0;9;0;51;0;0;21937;50;1;0;0;0;0;0;0;3;115517;1;0;0;151;90396;3899906;0;286947;6;0;0;0;0;0;2;0;1;0;1;0;0;0;0;0;0;0;0;0;0;0;0;0;0;0;0;0;0;0;0;0;0;0;0;0;0;64;0;46;0;0;3;16676713;0;0;118;2;0;0;0;0;0;0;0;0;0
SRR22402262;248357;0;93;0;0;0;0;0;0;0;0;0;1;0;36212;15930;464;0;8;169;11;12;14;246612;6;0;289;295;42;0;110;556;14;1;0;1;0;0;0;0;0;0;193;4515;9;0;305718;459;1474785;109570;10;1;3;1;10;0;114;0;569977;661;4;1160;0;0;35375;665537;140;0;0;3;3;21;0;1165;160988;181;0;0;12282;27120;10972741;0;411689;536;6;0;639;0;0;29;0;62;37;0;0;0;0;493328;0;0;0;45;0;0;0;0;0;0;0;0;0;0;0;0;0;0;0;0;0;0;1102;0;1038;0;7;153;10945514;3;0;557;148;1;0;0;0;0;0;0;0;0
SRR22402316;149429;0;0;7;2;0;3;0;0;0;0;0;0;0;50464;1839;68;2;0;0;4;0;3;53907;0;1;2;979;0;0;112;48;0;7;0;0;0;1;0;0;0;0;0;9325;6;0;24185;440;349263;40164;1;2;1;0;10;0;83;0;23262;32;2;466;0;0;41075;57067;2;0;0;0;2;0;0;48;5400;4;1;0;212;77699;5824859;0;214621;113;6;0;0;77;0;4;0;4;2;0;0;0;0;32643;0;0;0;0;0;0;0;0;0;0;0;0;0;0;0;0;0;0;0;0;0;0;206;1;263;3;4;23;18572463;0;0;87;12;0;0;0;0;0;0;0;0;0
SRR22402361;5034;0;8;0;4;2;0;0;0;0;0;0;0;2;21346;11075;527;0;2;12;44;3;1;575421;9;0;19;118;0;0;95;443;0;7;0;0;0;0;0;0;0;0;10;6735;0;1;330471;255;663143;255854;12;10;0;0;16;2;121;0;4305;208;12;666;0;0;20566;1222368;42;1;0;0;1;2;1;75;107316;95;9;0;860;38716;11727591;0;686563;189;10;0;0;0;0;14;0;3;11;0;0;0;0;0;0;0;0;0;0;0;0;0;0;0;0;0;0;0;0;0;0;0;0;0;0;0;260;0;559;71;32;124;13912256;1;0;68;181;0;0;0;0;0;0;0;0;0
SRR22402266;18712;0;5;2;0;0;0;0;0;0;0;0;0;0;140658;488;45;0;0;0;0;0;0;267228;1;0;0;287;0;1;6;59;0;0;0;0;0;0;0;0;0;0;0;2466;0;0;10330;8700;288189;57935;0;0;0;0;0;0;0;0;4;15;2;270;0;0;20482;1;1;1;0;0;0;0;0;0;124273;0;0;0;100;14204;5074139;0;413037;0;0;0;0;0;0;0;0;0;1;0;0;0;0;0;0;0;0;0;0;0;2;0;0;0;0;0;0;0;0;0;0;0;0;0;0;0;315;0;355;0;0;21;28426469;0;0;257;5271;0;0;0;0;0;0;0;0;1
SRR22402331;898981;0;0;0;0;0;0;0;0;0;0;0;0;0;117658;270;7;0;0;0;0;1;0;331660;0;0;0;4486;0;0;16;14;0;0;0;0;0;0;0;0;0;0;0;445;0;0;120325;1217;229566;100616;0;0;1;0;0;0;0;0;2;13;0;6492;0;0;33576;170;0;1;0;0;1;0;0;6;80682;0;0;0;903;41691;7382704;0;326656;2;1;0;0;0;0;0;0;0;1;0;0;0;0;0;0;0;0;0;0;0;0;0;0;0;0;0;0;0;0;0;0;0;0;0;0;0;38;0;536;0;0;7;34769024;0;1;168;9;0;0;0;0;0;0;0;0;0
SRR22402311;50612;0;31;0;0;56;0;0;0;0;0;14;7;0;20195;11485;12060;1;3;7;66;12;4;104483;45;0;28;1182;2;0;278;595;30;9;1;3854;0;0;0;0;0;0;3;11943;5;0;42863;3489;601405;90226;179;5;4;14;21;2;14;5;98756;367;9;2371;0;28;24323;909025;164;1;0;86911;0;13;0;1718;71250;165;2;0;525;40992;3477486;0;96418;115;20;0;11;1;2;18;0;39;84;0;12;0;9;3;0;0;0;27;0;0;0;0;0;0;0;0;0;0;0;0;0;0;2;0;0;1;566;0;1306;15;1;94;9215608;0;1;0;1503;0;0;0;0;0;0;0;0;0
SRR15595343;15635667;15767601;0;0;0;0;0;0;0;0;0;0;0;0;15897;45;0;0;0;0;0;0;0;308;0;0;0;0;0;0;0;0;0;0;0;0;0;0;0;0;0;0;0;0;0;0;4284;12;1;67;8;0;0;0;0;0;0;0;0;0;0;0;0;0;8031;39;0;1;0;0;0;0;0;0;0;0;0;78;0;0;655;0;0;0;0;2;0;0;0;0;0;0;0;0;0;0;0;0;0;0;5;0;0;0;0;0;0;0;0;0;0;0;0;0;0;0;0;0;0;0;0;0;0;0;0;0;32;0;0;0;0;0;0;0;0;0;0;0;0;0
SRR15595252;21418;21566;0;0;0;0;0;0;0;0;0;0;0;0;35928;316;26;0;0;0;2;1;0;1269;0;0;2;50;0;0;6;15;0;0;0;0;2;0;0;0;0;0;1;0;0;0;33049;94;291;24576;0;0;0;0;0;0;0;0;14;23;0;43;0;0;10049;40405;0;1;0;9561;0;0;0;15;37668;0;0;102;7;12796;1781388;0;98224;0;6;0;0;10;0;2;0;0;0;0;0;0;0;0;0;0;1;0;0;0;0;0;0;0;0;0;0;0;0;0;0;0;0;0;0;1;28;0;55;0;0;7;3642057;0;0;0;1;0;0;0;0;0;0;0;0;0
SRR15595344;5300793;5336418;0;0;0;0;0;0;0;0;0;0;0;0;3299;3;0;0;0;0;0;0;0;10;0;0;0;0;0;0;0;1;0;0;0;0;0;0;0;0;0;0;0;0;0;0;1125;0;0;15;0;0;0;0;0;0;0;0;0;0;0;0;0;0;2488;0;0;0;0;0;0;0;0;0;0;0;0;0;0;16;1046;0;0;0;0;4;0;0;0;0;0;0;0;0;0;0;0;0;0;0;0;0;0;0;0;0;0;0;0;0;0;0;0;0;0;0;0;0;0;0;0;0;0;0;0;0;57;0;0;0;0;0;0;0;0;0;0;0;0;0
SRR22402337;33995;0;9;0;1;0;0;0;0;0;0;0;0;0;381331;58;13;0;0;0;0;0;0;214003;0;1;1;71730;0;0;3;141;0;0;0;0;0;0;0;0;0;0;0;483;0;0;170540;10;174275;48287;0;0;0;0;0;0;0;0;0;0;0;115;0;0;37807;0;0;0;0;0;0;0;0;2;346166;0;0;0;1;27802;5732718;0;204931;0;0;0;0;0;0;0;0;0;0;0;0;0;0;0;0;0;0;0;0;0;0;0;0;0;0;0;0;0;0;0;0;0;0;0;0;0;15;0;99;0;0;29;21029507;0;0;79;0;0;0;0;0;0;0;0;0;0
SRR15595346;8199547;8258648;0;0;0;0;0;0;0;0;0;0;0;0;8020;26;0;0;0;0;0;0;0;33;0;0;0;0;0;0;0;0;0;0;0;0;0;0;0;0;0;0;0;0;0;0;1902;0;0;162;8;0;0;0;0;0;0;0;0;0;0;0;1;0;3474;0;0;1;0;0;0;0;0;0;0;0;0;54;0;55;398;0;43;0;0;0;0;0;0;0;0;0;0;2;0;0;0;0;0;0;0;0;0;0;0;0;0;0;0;0;0;0;0;0;0;0;0;0;0;0;0;0;1;0;0;0;165;0;0;0;0;0;0;0;0;0;0;0;0;0
SRR15595297;774;784;0;4;0;0;0;0;0;0;0;0;0;2;35531;948;24;0;0;17;6;0;0;5224;0;2;0;7;0;0;11;12;0;0;0;0;0;0;0;0;0;0;0;0;0;0;91269;58;777;93213;2;0;0;0;8;0;0;0;394;38;0;62;0;5;12207;661844;2;2;0;113;0;0;0;7;8319;0;1;122;1;12219;2042932;0;77713;5;7;0;0;0;0;0;0;1;1;0;0;0;0;0;0;0;1;0;0;0;0;0;0;0;0;0;0;0;0;0;0;0;0;0;0;3;34;6;44;1;1;26;2538043;0;0;0;109;0;105;0;0;0;0;0;0;0
SRR22402376;6399;0;0;0;0;0;1;0;0;0;0;4;1;0;125279;4672;1906;0;0;0;76;2;11;423636;9;0;4;447;0;0;34;65;99;14;1;0;0;0;0;0;0;0;20;15436;0;0;135499;4077;361012;90009;1;0;1;0;0;5;19;0;826;143;3;717;0;5;42083;516367;13;1;0;0;0;7;5;32;108106;33;0;0;1713;27026;8003419;0;375388;131;6;0;0;6;0;15;0;30;0;0;37;0;3;0;0;0;0;0;0;0;0;0;0;0;0;0;0;0;0;0;0;0;0;0;0;0;226;0;129;1;1;8;21275412;0;1;30;2894;0;0;0;0;0;0;0;0;0
SRR22402345;2259;0;0;0;2;0;0;0;0;0;0;1;1;30;102608;14935;3977;1;3;0;11;4;8;397186;63;1;32;328;0;0;61;294;18;9;0;0;0;0;0;0;0;0;0;6208;6;1;892254;672;1247929;103339;45;2;12;0;0;7;320;0;145415;114;4;476;0;11;41188;147931;58;8;0;49383;0;11;0;150;80076;296;2;0;4404;22620;8855017;0;123116;856;12;0;0;0;0;23;0;106;6;0;69;0;0;0;0;0;0;0;0;0;0;0;1;0;0;0;48;0;2;0;0;0;0;0;0;0;839;0;492;0;117;505;9895285;0;9;27;119;0;0;0;0;0;0;0;0;0
SRR22402257;4328;0;63;5;0;20;0;0;0;0;0;0;0;1;53997;10123;552;0;0;0;343;0;27;875290;6;0;44;154;0;0;51;165;0;30;1;0;0;0;0;0;0;0;0;8772;4;0;63662;2478;1197674;760582;82;2;0;1;1;2;29;0;66831;547;2;179;0;96;16400;826;73;1;0;216224;0;1;0;22;204918;71;0;0;5266;137733;12373140;1;592496;153;77;5;17;0;0;0;0;3;13;0;0;0;0;0;0;0;0;0;0;0;0;0;0;0;0;0;0;0;0;0;0;0;0;0;0;0;591;0;309;2;107;147;16471894;47;3;203;1036;5;0;0;0;0;0;0;0;0
SRR15595326;6111860;6158121;0;0;0;0;0;0;0;0;0;0;0;0;5801;29;0;0;0;0;0;0;0;25;0;0;0;0;0;0;0;0;0;0;0;0;0;0;0;0;0;0;0;0;0;0;1143;0;0;36;0;0;0;0;0;0;0;0;0;0;0;0;0;0;2931;5;0;0;0;0;0;0;0;0;0;0;0;25;0;4;550;0;11;0;0;0;0;0;0;0;0;0;0;1;0;0;0;0;0;0;0;0;0;0;0;0;0;0;0;0;0;0;0;0;0;0;0;0;0;0;0;0;0;0;0;0;38;0;0;0;0;0;0;0;0;0;0;0;0;0
SRR22402338;99988;0;0;0;6;0;0;0;0;0;0;3;0;0;16730;1624;123;0;0;2;2;0;10;506115;8;0;3;520;0;0;44;75;0;1;0;0;1;0;0;0;0;0;1;6251;0;0;2474713;1053;613398;345791;5;2;0;0;2;18;6;0;35887;77;7;1161;0;5;34353;227;5;2;0;0;0;1;0;12;306466;1;0;0;2217;54792;16659482;0;291429;0;8;0;0;0;0;25;0;5;0;0;0;0;0;0;0;0;0;0;0;1;0;0;0;0;0;0;0;0;0;0;0;0;0;0;0;0;78;0;124;4;0;10;26182442;0;1;699;13;0;0;0;0;0;0;0;0;0
SRR15595265;901;906;0;0;0;0;0;0;0;0;0;0;0;0;224664;164;1;1;0;31;2;1;2;9150;0;0;1;60;0;0;6;4;0;0;0;0;0;0;0;0;0;0;0;0;0;0;218561;360;23;26946;0;0;0;0;1;0;1;0;0;3;0;52;0;0;34164;847;1;0;0;32;1;0;0;5;4696;0;0;43;0;13941;3535362;0;134138;1;0;0;0;0;0;0;0;0;0;0;0;0;0;0;0;0;0;0;0;0;0;0;0;0;0;0;0;0;0;0;0;0;0;0;0;0;7;0;5;1;0;2;69925;2;0;0;4;0;0;0;0;0;0;0;0;0
SRR15595309;213821;215438;0;1;0;0;0;0;0;0;0;0;0;0;155136;128;0;0;0;0;0;1;0;7996;0;0;0;35;0;0;2;0;0;0;1;0;0;0;0;0;0;0;0;1;0;0;84857;256;6234;15248;0;0;0;0;0;0;0;0;12;1;0;6;0;0;7468;513;0;2;0;35;0;0;0;4;70;0;0;49;1;3583;1477458;0;69564;0;0;52;0;0;0;0;0;0;0;0;0;0;0;0;0;0;0;0;0;0;0;0;0;0;0;0;0;0;0;0;0;0;0;0;0;0;2;0;18;1;0;0;2156328;0;0;0;1806;0;50;0;0;0;0;0;0;0
SRR15595281;64861;65308;0;0;0;0;0;0;0;0;0;0;0;0;43092;107;2;0;0;11;0;0;0;325;0;0;0;33;0;0;4;6;0;0;0;0;0;0;0;0;0;0;0;0;0;0;611576;3920;6311;178109;1;0;0;0;1;0;0;0;0;3;0;36;0;0;19071;1625;2;1;0;33;0;0;0;4;75844;0;0;38;2;99798;1989550;0;147042;0;0;37;0;0;0;0;0;1;0;0;0;0;0;0;0;0;4;0;0;0;0;0;0;0;0;0;0;0;0;0;0;0;0;0;0;0;8;0;28;0;0;14;14707789;0;0;0;1398;0;95;0;0;0;0;0;0;0
SRR22402307;48363;0;0;0;0;0;0;0;0;0;0;0;1;0;65764;4059;36;0;2;0;11;0;0;51490;0;2;15;478;0;0;10;16;0;6;0;0;0;0;0;0;0;0;1;1731;2;0;257482;832;150471;40846;0;0;2;0;0;0;2;0;3;68;5;2934;0;0;53152;439;65;0;0;0;0;0;0;4;129284;0;0;0;43;46264;5800496;0;177526;3;2;0;1;0;0;0;0;0;0;0;0;0;0;0;0;0;0;0;0;0;0;0;0;0;0;0;0;0;0;0;0;0;0;0;0;0;52;0;38;1;1;5;12914585;0;0;88;18;0;0;0;0;0;0;0;0;0
SRR22402318;13954;0;0;0;0;0;0;0;0;0;0;2;0;1;144198;2394;11393;3;2;21;4;1;2;384375;7;0;4;1643;0;1;24;343;15;4;0;0;0;0;0;0;0;0;0;5505;1;0;87429;3838;538107;47103;24;1;0;0;2;159;9;0;1522;54;2;411;0;3;27733;213;175;0;0;3888;0;1;0;133;50858;31;0;0;5183;50181;10026732;0;215381;27;6;0;0;0;0;8;0;30;7;0;12;0;4;0;0;0;0;11;0;0;0;0;0;0;0;0;0;0;0;0;0;0;0;0;0;0;652;0;420;0;1;22;12155876;0;0;2687;824;0;0;18;0;0;0;0;0;0
SRR22402323;25902;0;16;20;0;0;16;0;0;0;0;0;12;0;20651;6077;517;1;0;18;23;0;14;132648;10;1;50;505;0;0;107;840052;93;7;0;118;0;0;0;0;0;0;31;27923;0;0;313812;685;591150;282102;54;1;4;2;11;0;10;0;284619;335;7;1056;0;22;25757;3372;95;2;0;23625;4;7;92;792;24696;81;0;0;1840;46196;11115128;0;358997;99;9;27;0;0;0;10;4;116;4;0;113;0;2;738;0;0;0;2;1;0;0;0;0;0;0;0;0;0;0;0;0;0;0;0;0;0;487;0;756;0;10;287;18368687;10;2;501;171;1;0;0;0;2;0;0;0;0
SRR15595263;10345120;10443237;0;0;0;0;0;0;0;0;0;0;0;0;14305;62;0;0;0;0;0;0;0;109;0;0;0;0;0;0;0;0;0;0;0;0;0;0;0;0;0;0;0;0;0;0;2723;12;0;67;2;0;0;0;0;0;0;0;0;0;0;0;0;0;8378;2;0;0;0;0;0;0;0;0;0;0;0;85;0;28;628;0;73;0;0;0;0;0;0;0;0;0;0;15;0;0;0;0;0;0;0;0;0;0;0;0;0;0;0;0;0;0;0;0;0;0;0;0;0;0;0;0;2;0;0;0;168;0;0;0;0;0;0;0;0;0;0;0;0;0
SRR22402299;4308;0;70;0;56;0;0;0;0;0;0;5;0;0;151113;9576;5332;2;12;0;31;2;11;480623;23;1;42;750;0;0;93;584;35;10;2;1391;0;0;0;0;0;0;195;18173;5;0;1578505;1135;1597536;88779;86;0;7;0;30;1;256;0;36756;210;10;1432;0;17;161546;81345;65;22;0;53104;23;2;0;1231;80596;38;2;0;2060;52414;14747789;3;161330;572;12;2;1;257;0;56;0;170;64;1;779;0;6;0;0;33;0;10;0;1;0;0;0;0;0;0;0;0;0;0;0;0;0;0;0;2;655;0;1034;2;20;138;16815071;0;16;236;298;2;0;0;0;0;0;0;0;0
SRR22402336;318093;0;0;0;0;0;0;0;0;0;0;0;1;0;21781;1019;19;0;0;0;9;0;0;224452;0;0;0;1015;0;0;34;18;0;4;0;0;0;0;0;0;0;0;1;5366;0;0;329661;1325;123898;156855;0;0;0;0;0;0;3;0;1;2;4;3774;0;0;98588;0;1;0;0;0;0;0;0;1;197;0;0;0;1364;11751;5174546;0;67665;0;3;0;0;0;0;0;0;0;9;0;0;0;0;0;7;0;0;0;0;0;0;0;0;0;0;0;0;0;0;0;0;0;0;0;0;0;677;0;59;0;0;2;10569454;0;0;0;178;0;0;0;0;0;0;0;0;0
SRR15595338;7195680;7263085;0;0;0;0;0;0;0;0;0;0;0;0;15139;125;0;0;0;0;0;0;0;83;0;0;0;0;0;0;1;0;0;0;0;0;0;0;0;0;0;0;0;0;0;0;2644;0;0;13;0;0;0;0;0;0;0;0;0;0;0;0;0;0;8029;0;0;0;0;0;0;0;0;0;0;0;0;51;0;24;881;0;5;0;0;8;0;0;0;0;0;0;0;1;0;0;0;0;0;0;0;0;0;0;0;0;0;0;0;0;0;0;0;0;0;0;0;0;0;0;0;0;1;0;0;0;57;0;0;0;0;0;0;0;0;0;0;0;0;0
SRR22402290;19302;0;0;0;0;0;0;0;0;0;0;0;0;1;75456;3506;179;0;0;3;33;0;1;325625;6;0;8;258;0;0;27;204;0;8;0;0;0;0;0;0;0;0;0;6747;0;0;886991;493;505851;425658;5;0;9;0;12;0;36;0;66508;154;7;681;0;0;181423;52541;199;0;0;0;0;0;0;224;161656;28;1;0;210;21489;4481984;2;83311;66;3;0;0;0;0;0;1;4;0;1;0;0;0;0;0;0;0;0;0;0;0;0;0;5;0;0;0;0;0;0;0;0;0;0;0;0;251;0;367;0;4;6;11941013;0;1;0;50;0;0;0;0;0;0;0;0;0
SRR15595283;6181;6237;2652;2;0;0;0;0;0;0;0;0;0;1;263118;1176;926;4;0;2;9;0;3;2473;1;4;1;18;8;0;41;22;0;1;2;0;0;0;0;0;0;0;0;0;0;1;537933;221;317;576755;5;2;7;0;0;3;0;0;540;102;0;233;0;2;311277;14236;2;1;0;25683;0;0;0;35;11181;21;1;156;17;172560;5299812;0;10394;11;7;0;0;7;1;0;0;0;0;0;0;0;5;0;0;0;0;0;0;0;0;0;1;0;0;0;0;0;0;0;0;0;0;0;0;0;74;0;60;0;1;91;1288388;2;0;0;20;8;73;0;0;0;0;0;0;0
SRR22402305;329417;0;0;0;0;0;0;0;0;0;0;2;0;0;23049;2535;27;0;0;1;12;0;0;4197;0;0;1;95;0;0;42;41;0;0;0;0;0;0;0;0;0;0;0;1324;0;0;629641;741;164511;289466;135;0;1;0;0;105;0;0;0;44;0;631;0;1;1798572;131;3;4;0;3;0;0;1;18;279;0;0;0;63;126984;10469995;0;134854;6;4;0;0;0;0;2;0;0;0;0;0;0;4;0;0;0;0;0;0;0;0;0;0;0;0;0;0;0;0;0;0;0;0;0;0;0;1014;0;175;92;0;13;13478656;0;0;0;64;0;0;0;0;0;0;0;0;0
SRR15595350;1422;1432;0;1;0;0;0;0;0;0;0;0;0;1;171606;1608;599;0;0;0;17;0;0;2692;1;0;1;102;0;0;35;40;10;2;0;0;0;0;0;0;0;0;0;177;1;0;481947;178;124;278810;20;0;1;0;1;6;1;0;47;147;0;460;0;0;12041;345134;69;4;0;16514;0;1;0;20;54859;3;0;72;15;152866;2519216;1;27892;76;0;88;0;0;1;0;1;2;1;0;0;0;0;0;0;0;0;0;0;0;0;0;0;0;0;0;0;0;0;0;0;0;0;0;0;0;401;0;223;0;11;15;1337029;0;1;0;204;0;60;0;0;0;0;0;0;0
SRR22402341;220740;0;0;0;0;0;0;0;0;0;0;0;0;0;1154634;1277;16;0;0;8;0;0;0;1706;0;2;0;24;0;0;20;48;0;2;1;0;0;0;0;0;0;0;0;2397;0;0;1140267;1831;243571;234598;9;0;0;0;0;0;0;0;0;9;24;1194;0;0;31856;118;2;0;0;0;1;0;0;3;99;0;0;0;1039;187808;13446183;0;173675;6;2;0;0;0;0;0;0;5;3;0;0;0;0;0;0;0;0;0;0;1;0;0;0;0;0;0;0;0;0;0;0;0;0;0;0;0;71;0;66;0;0;13;16943357;0;1;103;2358;0;0;0;0;0;0;0;0;0
SRR22402255;10558;0;0;0;0;23;0;0;0;0;0;0;0;0;19439;9178;404;0;2;8;6;0;0;85710;12;0;11;153;0;0;36;60;0;0;0;0;0;0;0;0;0;0;1;3662;1;0;393987;902;533425;109096;6;0;1;0;0;0;50;0;15;97;3;216;0;8;62278;100058;80;0;0;0;10;0;0;52;64229;17;1;0;237;31185;6367946;6;389188;0;12;0;61;0;0;41;0;649;0;0;63;0;0;0;0;0;0;20;0;0;0;0;0;0;0;0;0;0;0;0;0;0;0;3;0;0;225;0;121;2;68;8;18187979;1;2;102;18;0;0;0;0;0;0;0;0;0
SRR22402359;292458;0;7;0;0;0;0;0;0;0;0;6;2;0;272679;5522;12935;0;0;1;12;2;28;148929;21;0;0;886;0;0;68;220;0;8;1;0;0;0;0;0;0;0;5;2474;2;0;234468;10031;666059;227521;9;0;2;0;3;0;53;0;31642;201;6;7155;0;77;36729;559353;4;7;0;64359;0;1;0;67;58429;84;6;0;346;71186;9024466;0;392080;387;38;0;0;55;0;24;2;7;15;0;0;0;0;0;0;4;0;0;0;0;0;0;0;0;0;0;0;0;0;0;0;0;0;0;0;0;449;0;485;1;8;188;10689054;0;0;105;5582;0;0;0;0;0;0;0;0;0
SRR15595301;444;449;0;8;0;0;0;0;0;0;0;0;0;0;35913;2561;144;2;0;42;2;0;3;1893;5;1;2;172;0;0;43;148;7;1;0;0;0;0;0;2;0;0;2;0;0;0;311039;231;3188;145979;55;0;0;0;10;2;1;0;24;135;0;178;0;7;17729;470691;6;0;2;0;7;0;0;150;109300;27;1;193;18;43381;4057649;1;769012;84;19;1;0;3;0;1;0;2;7;0;0;0;0;18;0;0;0;0;0;0;0;0;0;0;0;0;0;0;0;0;0;0;0;0;0;1;138;12;164;0;13;12;1279425;0;0;0;64;0;16;0;0;0;0;0;0;0
SRR22402287;7692;0;32;0;0;0;2;0;0;0;0;1;4;0;933429;12514;2675;12;0;33;25;8;8;244190;20;1;55;552;0;0;114;361;245;12;2;0;0;0;0;0;0;0;0;57067;16;0;489337;861;979103;90615;106;5;8;1;34;12;147;0;44775;510;4;1300;1;57;52765;340845;60;2;0;91244;0;0;0;717;205878;215;3;0;3718;66713;12973547;0;374307;384;7;0;4;0;0;48;0;3;8;0;0;0;5;0;0;0;0;0;0;0;0;0;0;0;0;0;0;0;0;0;0;0;0;0;0;0;2272;0;874;6;13;282;18020011;1;1;45;473;2;0;0;0;0;0;0;0;0
SRR22402325;372658;0;0;56;9;0;0;0;0;0;0;0;0;10;114034;4188;207;0;0;6;30;2;21;206711;0;3;4;271;0;0;32;366;173;10;0;32;0;0;0;0;0;0;48;74096;0;0;275838;1022;873639;282291;34;0;0;0;0;0;12;13;1247;46;0;464;0;7;266391;180;65;8;0;0;8;1;2;19;116427;13;0;0;3439;78334;18583516;0;522052;22;4;0;0;0;0;0;0;0;23;0;0;0;3;7595;2;0;0;0;0;2;0;0;0;0;0;0;0;0;0;0;0;0;0;0;0;0;429;0;613;26;92;313;39580955;0;3;880;135;0;0;0;0;0;0;0;0;0
SRR15595250;13723;13831;0;1;0;0;0;0;0;0;0;0;0;0;166838;374;4;0;0;0;2;0;0;2041;0;7;1;128;0;0;10;46;0;0;0;0;0;0;0;0;0;0;0;0;0;0;250027;291;262;863933;2;0;1;0;0;1;1;0;0;5;0;228;0;0;65151;1291324;0;1;0;99;0;0;0;11;1459;2;2;161;4;152253;15432118;0;33727;0;6;174;0;0;0;1;0;1;1;0;0;0;2;0;0;0;0;0;0;0;0;0;2;0;0;0;0;0;0;0;0;0;0;0;0;0;22;12;220;0;0;27;320608;1;0;0;56;0;124;0;0;0;0;0;0;0
SRR15595285;2792;2810;0;2;0;3;0;0;0;0;0;0;0;0;40367;1761;98;0;0;11;12;1;0;2480;0;1;1;46;3;0;31;69;0;0;0;0;0;0;0;2;0;0;5;0;0;0;122797;266;3528;319358;7;1;1;0;24;0;0;0;31;136;0;195;0;5;107318;350512;8;0;0;123;0;0;0;23;9232;46;1;256;18;230719;5550925;1;39170;0;19;349;0;2;0;4;0;3;13;0;0;0;6;0;0;0;1;0;0;0;0;0;1;0;0;0;0;0;0;0;0;0;0;0;0;2;157;58;112;4;0;15;1344605;0;6;0;588;0;0;19;0;0;0;0;0;0
SRR22402258;3760;0;0;0;0;0;0;0;10;0;0;0;0;0;32079;332;2036;0;0;1;0;0;2;168698;0;0;0;263;0;0;8;137;0;2;0;0;0;0;0;0;0;0;0;1320;0;0;106444;187;147550;66409;4;1;0;0;0;0;0;0;0;14;2;219;0;0;120406;114;4;0;0;7834;0;0;0;32;33235;0;0;0;1691;15171;3725151;0;111466;4;0;0;0;0;0;0;0;0;0;0;0;0;0;0;0;0;0;0;0;0;0;0;0;0;0;0;0;0;0;0;0;0;0;0;0;0;58;0;310;0;1;231;14246087;0;0;19;65;0;0;0;0;0;0;0;0;0
SRR15595348;5406296;5455577;0;0;0;0;0;0;0;0;0;0;0;0;6633;29;0;0;0;0;0;0;0;78;0;0;0;0;0;0;0;0;0;0;0;0;0;0;0;0;0;0;0;0;0;0;1672;5;0;170;2;0;0;0;0;0;0;0;0;0;0;0;0;0;3909;0;0;0;0;0;0;0;0;1;0;0;0;37;0;0;1521;0;10;0;0;0;0;0;0;0;0;0;0;1;0;0;0;0;0;0;0;0;0;0;0;0;0;0;0;0;0;0;0;0;0;0;0;0;0;0;0;0;1494;0;0;0;221;0;0;0;0;0;0;0;0;0;0;0;0;0
SRR22402339;30265;0;0;1;0;0;0;0;0;0;0;5;0;1;21532;28399;180;0;37;2;4;0;7;737510;17;0;139;414;0;0;65;262;6;6;0;0;0;0;0;0;0;0;4;7798;39;0;205513;281;592551;249959;68;2;9;0;1;4;54;0;6;349;6;295;0;3;20386;172;363;5;0;13311;12;0;0;123;118175;15;3;0;1343;69644;16309239;0;206945;132;12;1;2;52;0;13;0;19;8;0;7;0;0;0;0;1;0;0;0;1;0;0;0;0;0;0;0;0;0;0;0;0;0;0;0;0;405;0;527;0;5;26;13748068;0;0;1059;61;0;0;43;0;0;0;0;0;0
SRR22402340;47282;0;0;0;0;0;0;0;0;0;0;11;0;5;303068;2402;109;0;0;0;2;1;1;390402;8;0;5;584;0;1;48;84;0;19;0;0;0;0;0;0;0;0;2;4462;4;0;410376;3965;360228;399758;35;2;0;3;0;1;6;0;18547;122;11;3054;0;2;44383;1350;6;0;0;0;0;2;0;16;232582;0;1;0;3956;74223;9114886;0;361024;58;8;0;0;0;0;28;1;24;0;0;0;0;0;0;0;0;0;0;1;0;0;0;0;0;0;0;0;0;0;0;0;0;0;0;0;0;174;0;188;2;0;18;18721996;0;1;600;15;0;0;0;0;0;0;0;0;0
SRR22402375;2857;0;0;0;0;0;0;0;0;0;0;0;0;0;418314;116;2;0;0;0;1;1;0;139265;0;1;0;180;0;1;1;5;0;0;0;0;0;0;0;0;0;0;0;1525;0;0;145197;297;104607;161828;0;0;0;0;0;0;0;1;0;1;0;25;0;0;22281;139;1;0;0;0;0;0;1;2;12040;1;0;0;433;6053;1530072;0;2332073;1;1;0;0;0;0;0;0;0;0;0;0;0;0;0;0;0;0;0;0;0;0;0;0;0;1;0;0;0;0;0;0;0;0;0;0;0;120;0;50;2;0;16;18584231;0;0;316;91;0;0;0;0;0;0;0;0;0
SRR22402385;1283269;0;0;0;0;0;0;0;0;0;0;6;0;3;482719;7123;578;0;0;20;76;4;1;413932;24;0;4;53;0;0;104;216;7;19;0;5;2;0;0;0;0;0;13;11467;0;0;289316;571;641879;464179;22;3;1;0;162;1;4;0;0;247;7;2762;0;46;251067;670744;178;4;0;102012;6;0;0;534;707713;109;0;0;609;736303;28966335;1;552859;147;13;0;2;1;1;0;0;122;13;0;39;0;13;2387;0;4;1;1;0;0;0;0;0;0;0;0;0;0;0;0;0;0;0;0;0;0;389;0;664;0;24;46;26326226;5;6;994;74;0;0;0;0;0;0;0;0;0
SRR22402274;27642;0;0;16;0;0;0;0;0;0;0;0;0;0;1675764;381;20;0;0;0;2;0;0;567985;0;2;0;35;0;0;21;43;0;1;0;0;0;0;0;0;0;0;0;9349;0;0;1322595;163;169277;771861;1;1;0;0;0;0;1;0;0;4;0;128;0;0;126508;9;0;0;0;0;0;0;0;12;29222;0;0;0;199;96832;12960643;0;28327;2;0;0;0;0;0;0;0;2;4;0;0;0;0;0;0;0;0;0;0;0;0;0;0;0;0;0;0;0;0;0;0;0;0;0;0;0;17;0;65;0;1;3;8891324;0;0;0;103;0;0;0;0;0;0;0;0;0
SRR22402330;380377;0;0;0;0;0;0;0;0;0;0;0;0;0;151937;6873;233;0;1;0;44;0;11;120458;0;0;16;13441;0;0;20;136;0;0;0;0;0;0;0;0;0;0;70;8432;0;0;72793;1080;657587;92765;107;0;0;0;0;0;3;0;0;213;10;4855;0;53;17021;632;5;0;0;6;0;0;0;374;192798;160;0;0;1513;70963;8249393;0;264828;182;26;0;0;0;1;40;0;3;10;0;0;52;0;0;0;0;0;0;0;0;0;0;0;0;0;8;0;0;0;0;0;0;0;0;0;0;288;5;233;0;1;7;19021172;0;0;214;28;0;0;0;0;0;0;0;0;0
SRR22402327;12438;0;2;0;0;0;0;1;0;0;0;0;3;5;111494;4859;3702;0;3;2;3;1;2;100535;3;0;13;288;0;0;69;83;0;8;0;1;0;0;0;0;0;0;0;4790;2;0;8759;330;297510;163197;0;2;4;1;1;0;1;0;40044;104;1;306;0;3;85853;181586;43;0;0;30952;8;0;0;58;116781;5;2;0;270;80622;8428768;0;113127;61;2;0;0;2;0;12;0;6;0;0;0;0;0;0;0;0;0;0;0;0;0;0;0;0;0;0;0;0;4;0;0;0;0;0;1;0;387;0;287;0;11;32;12672739;7;0;149;105;0;0;0;0;0;0;0;0;0
SRR15595340;10784992;10887143;0;0;0;0;0;0;0;0;0;0;0;0;12210;85;0;0;0;0;0;0;0;73;0;0;0;0;0;0;0;4;0;0;0;0;0;0;0;0;0;0;0;0;0;0;2786;9;2;245;0;0;0;0;0;0;0;0;3;0;0;0;0;0;5479;48;0;0;0;0;0;0;0;0;2;0;0;44;25;85;1355;0;40;0;0;5;0;0;0;0;0;0;0;1;0;0;0;0;42;0;1;0;0;0;0;0;0;0;0;0;0;0;0;0;0;0;0;0;0;0;0;0;0;0;0;0;213;0;0;0;0;0;0;0;0;0;0;0;0;0
SRR22402308;713632;0;6;0;0;0;0;0;0;0;0;5;30;2;133263;28239;293433;7;0;1;157;23;19;128090;15;0;10;2872;12;0;413;425;1;33;0;0;3;0;0;0;0;0;31;5691;0;13;4186875;11819;1574457;528585;94;1;0;2;83;10;219;0;2201;3752;13;4776;0;10;164037;695366;77;15;0;156457;0;4;0;1066;333080;107;21;0;11105;125264;11323396;0;251186;665;73;16;0;237;1111;35;2;134;70;0;0;0;297;0;1;0;0;0;4;1;0;0;0;0;0;0;0;0;0;0;0;0;0;0;0;0;1257;0;914;96;1;27;11847791;2;0;106;4642;0;0;0;0;0;0;0;0;0
SRR22402360;579764;0;0;0;0;0;0;0;0;0;0;0;0;0;23316;14188;69;0;9;1;2;0;0;257783;5;23;42;406;0;0;33;562;7;8;0;0;0;0;0;0;0;0;1;7969;14;0;96949;463;897544;92837;6;0;39;0;0;0;68;0;21;92;23;878;0;18;30627;120510;62;3;0;0;0;1;3;940;50257;7;0;0;712;40536;9022691;0;240217;151;11;0;0;59;0;0;0;0;7;0;0;0;0;0;0;0;0;2;0;0;0;0;0;0;0;0;0;0;0;0;0;0;0;0;0;0;198;0;256;8;2;21;14390025;3;3;20;41;0;0;0;0;0;0;0;0;0
SRR15595261;17238;17349;0;0;0;0;0;0;0;0;0;0;0;0;124695;86;4;0;0;0;0;0;1;1082;3;1;0;11;0;0;2;4;0;0;0;0;0;0;0;0;0;0;2;0;0;0;208819;21;101;296759;0;0;0;0;0;0;0;0;0;6;0;96;0;0;9000;45;1;0;0;0;0;0;0;2;30526;0;3;0;0;25760;1667387;0;12663;0;0;0;0;0;0;0;0;0;4;0;0;0;0;0;0;0;1;0;0;0;0;0;0;0;0;0;0;0;0;0;0;0;0;0;0;2;6;0;1;0;4;0;1539750;0;0;0;24;0;0;0;0;0;0;0;0;0
SRR15595319;1003;1011;0;0;1;0;0;0;0;0;0;0;0;0;32819;164;3;0;0;0;0;0;0;407;1;0;1;123;0;0;14;29;0;0;0;0;0;0;0;0;0;0;1;2;0;0;678342;194;200;287859;0;0;0;0;0;0;0;0;0;4;0;203;0;0;33355;645;1;0;0;4;0;0;0;3;324;0;1;85;11;9185;3341375;0;16160;0;0;0;0;0;0;0;0;0;0;0;0;0;0;0;0;0;1;0;0;0;0;0;1;0;0;0;0;0;0;0;0;0;0;0;0;0;3;0;7;0;0;0;52339;0;0;0;5;0;42;0;0;0;0;0;0;0
SRR15595313;615;621;0;0;0;0;0;0;0;0;0;1;0;2;20290;1132;49;0;0;0;8;0;1;1738;4;6;2;140;0;0;50;64;15;0;0;0;0;0;0;0;0;0;4;1;0;0;1484219;130;1236;664547;16;1;11;0;0;0;0;0;145;140;0;117;0;2;105377;16342;1;7;0;18;0;1;0;33;5106;18;17;79;2;96153;4855946;0;338552;8;4;0;0;0;0;0;0;9;4;0;0;0;0;0;0;0;0;0;0;0;0;0;0;0;0;0;0;0;0;0;0;0;0;0;0;1;28;3;97;0;0;20;2158024;0;1;0;278;0;482;0;0;0;0;0;0;0
SRR15595307;2280;2325;0;5;0;0;0;0;0;0;0;0;0;0;1821928;157;3;0;0;0;1;0;1;5594;0;0;1;68;0;0;9;11;0;1;0;0;0;0;0;0;0;0;0;0;0;0;3269004;52;358;139930;1;1;1;0;0;0;0;0;0;11;0;629;0;0;933295;389;2;1;0;37;0;0;0;10;231;0;1;38;0;103061;4664358;0;88508;9;1;56;0;1;1;0;0;0;0;0;0;0;0;0;0;0;0;0;0;0;0;0;0;0;0;0;0;0;0;0;0;0;0;0;0;0;9;0;20;1;1;47;542504;0;0;0;4;0;97;0;0;0;0;0;0;0
SRR15595341;1316;1325;0;0;0;0;0;0;0;0;0;0;0;0;139786;312;16;0;0;0;0;0;0;862;2;0;0;8;0;0;13;11;0;0;0;0;0;0;0;0;0;0;0;0;6;0;1395941;54;122;358136;1;0;0;0;0;0;1;0;8;15;0;19;0;2;49085;9060;0;0;0;19419;0;0;0;11;33018;0;2;83;2;91400;2175472;0;1669;0;0;0;0;6;0;0;0;0;2;0;0;0;0;0;0;0;0;0;0;0;0;0;1;0;0;0;0;0;0;0;0;0;0;0;0;0;8;0;23;0;2;4;893781;0;0;0;6;0;0;0;0;0;0;0;0;0
SRR22402291;158633;0;735;12;20;0;0;0;0;0;0;0;1;0;486437;14605;366;9;11;518;29;3;5;133088;20;2;26;29963;0;0;60;938;21;12;0;0;1;0;0;0;0;0;125;27551;181;2;139310;3321;1705312;220618;9;2;0;2;25;1;32;0;700464;211;12;18029;0;8;47210;5021;11;2;1;6;0;2;0;58;301415;6;8;0;361;102128;15176407;0;255462;134;14;0;0;36;0;23;0;7;71;0;0;0;0;0;1;0;0;0;0;2;0;0;0;0;0;0;0;0;0;0;0;0;0;0;0;2;810;0;882;9;7;53;33533237;0;2;107;192;0;0;0;0;0;0;0;0;0
SRR15595333;13773796;13898111;0;0;0;0;0;0;0;0;0;0;0;0;12931;194;0;0;0;0;0;0;0;67;0;0;0;0;0;0;0;0;0;0;0;0;0;0;0;0;0;0;0;0;0;0;3253;18;1;91;3;0;0;0;0;0;0;0;0;0;0;0;0;0;6334;12;0;1;0;0;0;0;0;0;0;0;0;76;0;6;977;0;9;0;0;20;0;0;0;0;0;0;0;2;0;0;0;0;0;0;0;0;0;0;0;0;0;0;0;0;0;0;0;0;0;0;0;0;0;0;0;0;0;0;0;0;108;0;0;0;0;0;0;0;0;0;0;0;0;0
SRR15595320;11040449;11140519;0;0;0;0;0;0;0;0;0;0;0;0;18999;31;0;0;0;0;0;0;0;403;0;0;0;0;0;0;0;0;0;0;0;0;0;0;0;0;0;0;0;0;0;0;3713;0;0;54;0;0;0;0;0;0;0;0;0;0;0;0;0;0;11339;42;0;0;0;0;0;0;0;0;0;0;0;81;0;11;779;0;0;0;0;8;0;0;0;0;0;0;0;2;0;0;0;0;0;0;3;0;0;0;0;0;0;0;0;0;0;0;0;0;0;0;0;0;0;0;1;0;2;0;0;0;52;0;0;0;0;0;0;0;0;0;0;0;0;0
SRR22402315;1131;0;0;0;0;0;0;0;0;0;0;0;1;0;53249;4415;193;0;0;2;98;1;0;80226;2;0;6;397;0;0;60;221;101;3;0;0;0;0;0;0;0;0;1;24717;0;0;141590;603;469786;148957;4;1;0;0;1;0;17;0;80332;377;3;359;0;16;39495;626883;40;0;0;78533;0;1;0;2481;11548;0;0;0;2463;26718;4354978;1;100945;99;1;5;0;18;0;0;0;17;12;0;0;0;1;0;0;0;0;0;0;0;0;1;0;0;0;0;0;0;0;0;0;0;0;0;0;0;127;0;276;0;0;91;5913692;0;0;137;131;0;0;0;0;0;0;0;0;0
SRR22402363;690;0;0;0;0;0;0;0;0;0;0;0;0;1;40164;2285;52;0;0;0;14;0;0;494873;0;0;0;54;0;0;45;73;0;6;0;0;0;0;0;0;0;0;3;4160;0;0;1383546;11284;648977;97005;10;0;0;0;1;0;0;0;980;1;0;266;0;0;28329;324201;12;0;0;0;5;0;0;21;77804;32;0;0;28;28899;5413327;0;42938;21;1;0;367;0;0;18;0;1;0;0;0;0;0;0;0;0;0;0;0;0;0;0;0;0;0;0;0;0;0;0;0;0;0;0;0;0;1081;0;396;0;4;62;10391451;0;0;5;8741;0;0;0;0;0;0;0;0;0
SRR22402328;109140;0;0;0;0;0;0;0;0;0;0;0;3;0;68273;1585;83;0;0;0;1;0;0;171281;4;0;0;743;0;0;5;36;1;0;0;0;0;0;0;0;0;0;0;2568;0;0;1439660;397;427592;125944;2;0;1;0;0;0;4;0;165;31;9;2071;0;0;102814;148;10;1;0;0;8;0;0;21;132551;1;0;0;226;190974;14523795;0;422858;2;0;0;0;37;0;0;0;2;2;0;0;0;0;0;0;0;0;0;0;0;0;0;0;0;0;0;0;0;0;0;0;0;0;0;0;0;504;0;1578;7;0;27;24451995;0;1;22;126;0;0;0;0;0;0;0;0;0
SRR22402366;21970;0;0;7;0;0;0;0;0;0;0;0;0;0;8161;3526;3623;0;0;2;4;0;0;352078;6;0;17;51;0;0;97;113;0;3;0;0;0;0;0;0;0;0;0;4613;0;0;86548;191;603537;140974;3;2;2;1;1;0;15;0;14116;123;3;191;0;4;26509;1504;45;0;0;0;0;0;0;176;100420;57;1;0;4502;62932;11580353;2;369581;52;6;0;0;14;1;0;0;3;43;0;0;0;0;0;0;0;0;0;0;0;0;0;0;0;0;0;0;0;0;0;0;0;0;0;0;0;588;0;645;10;7;8;25778630;0;0;41;123;3;0;0;1;0;0;0;0;0
SRR15595323;7216759;7277223;0;0;0;0;0;0;0;0;0;0;0;0;7717;4;0;0;0;0;0;0;0;17;0;0;0;0;0;0;0;0;0;0;0;0;0;0;0;0;0;0;0;0;0;0;1887;13;0;145;0;0;0;0;0;0;0;0;0;0;0;0;0;0;7605;0;0;0;0;0;0;0;0;0;0;0;0;46;0;0;1850;0;0;0;0;8;0;0;0;0;0;0;0;0;0;0;0;0;0;0;0;0;0;0;0;0;0;0;0;0;0;0;0;0;0;0;0;0;0;0;0;0;3204;0;0;0;249;0;0;0;0;0;0;0;0;0;0;0;0;0
SRR15595275;29535;29799;0;0;0;0;0;0;0;0;0;0;0;0;117384;681;23;0;0;3;5;0;0;4171;0;0;0;89;0;0;38;8;0;1;0;0;0;0;0;0;0;0;3;4;0;0;138705;128;323;103672;3;0;0;0;0;1;1;0;87;28;0;185;0;0;10498;297;1;0;0;0;0;0;0;5;7655;4;0;17;177;11967;3409511;0;18292;0;2;24;1;0;0;0;1;10;0;0;0;0;0;0;1;0;2;0;0;0;0;0;0;0;0;0;0;0;0;0;1;0;0;0;0;1;55;4;33;0;41;80;4136444;0;0;0;24;4;14;0;0;0;0;0;0;0
SRR22402351;28140;0;0;0;7;0;0;0;0;0;0;0;0;0;47639;9436;116;2;0;0;14;6;48;189359;22;0;10;165;0;0;64;207;103;15;0;0;0;0;0;0;0;0;0;16993;2;1;8776;1828;417025;196673;9;4;0;0;11;6;0;0;206105;169;10;879;0;0;26162;490604;16;2;1;126579;4;6;0;115;321022;84;2;1;254;252614;7182101;3;226527;88;9;0;0;1;38;24;0;246;41;0;79;1;0;105982;0;0;0;0;0;0;0;0;0;0;0;0;0;0;0;0;0;0;0;0;0;0;840;5;307;3;17;56;22917573;2;0;195;1062;0;0;5;0;0;0;0;0;0
SRR15595287;4958594;5006078;0;0;0;0;0;0;0;0;0;0;0;0;6457;49;0;0;0;0;0;0;0;54;0;0;0;0;0;0;0;1;0;0;0;0;0;0;0;0;0;0;0;0;0;0;1299;0;0;71;0;0;0;0;0;0;0;0;0;0;0;0;0;0;3515;2;0;0;0;0;0;0;0;0;0;0;0;0;0;26;487;0;81;0;0;2;0;0;0;0;0;0;0;1;0;0;0;0;0;0;0;0;0;0;0;0;0;0;0;0;0;0;0;0;0;0;0;0;0;0;0;0;0;0;0;0;178;0;0;0;0;0;0;0;0;0;0;0;0;0
SRR15595334;14399624;14505731;0;0;0;0;0;0;0;0;0;0;0;0;21723;115;0;0;0;0;0;0;0;102;0;0;0;0;0;0;0;0;0;0;0;0;0;0;0;0;0;0;0;0;0;0;3441;23;0;14;8;0;0;0;0;0;0;0;0;0;0;0;1;0;9033;0;0;0;0;0;0;0;0;0;0;0;0;76;0;33;1396;0;0;0;0;7;0;0;0;0;0;0;0;0;0;0;0;0;0;0;0;0;0;0;0;0;0;0;0;0;0;0;0;0;0;0;0;0;0;0;0;0;0;0;0;0;92;0;0;0;0;0;0;0;0;0;0;0;0;0
SRR22402362;103024;0;0;0;0;0;0;0;0;0;0;0;0;0;116382;509;1192;0;0;0;14;0;0;368032;1;0;0;757;0;0;28;65;0;10;0;0;0;0;0;0;0;0;3;4458;0;1;762098;957;131683;188892;3;0;0;0;0;0;2;0;13;4;3;4103;0;0;42415;7951;0;1;0;32607;0;0;0;6;105846;2;0;0;2439;365100;9636029;0;105396;0;0;0;0;0;0;0;0;0;0;0;5;0;0;0;0;0;0;0;0;0;0;0;0;0;0;0;0;0;0;0;0;0;0;0;0;0;19;0;25;0;0;0;9288018;0;0;93;4;0;0;0;0;0;0;0;0;0
SRR22402357;6954;0;2;0;0;3;0;0;0;0;0;0;0;0;53851;4349;130;0;2;16;4;3;9;130296;6;0;1;121;0;0;26;41;0;16;0;0;0;0;0;0;0;0;0;1184;0;2;595770;736;516023;223935;5;4;0;0;8;3;110;0;17;148;2;943;0;0;18219;580968;11;0;0;38385;0;3;0;5;150801;45;7;0;745;46049;7394887;0;332077;296;9;0;0;106;0;5;0;5;15;0;0;0;0;0;0;0;0;0;1;0;0;0;0;0;0;0;0;0;0;0;0;0;0;0;0;0;152;0;26;17;0;2;13611590;1;0;282;8;4;0;0;0;0;0;0;0;0
SRR22402334;327437;0;0;0;3;0;0;0;0;0;0;0;0;0;6798490;345;173;0;0;10;20;1;0;651641;3;0;3;10954;0;0;20;88;0;3;0;0;0;0;0;0;0;0;0;1801;4;0;157623;5370;226521;63084;0;0;0;0;1;0;0;0;15793;14;0;5440;0;0;371056;87;0;0;0;198;0;0;0;236;62576;5;0;0;122;36652;5930134;0;616787;5;0;0;0;0;0;0;0;1;1;0;0;0;0;0;14;0;0;0;0;0;1;0;0;0;0;0;0;0;0;0;0;0;0;0;0;0;32;12;58;0;0;5;13265797;0;0;1126;242;0;0;0;0;0;0;0;0;0
SRR15595325;46077;46453;0;0;0;0;0;0;0;0;0;0;0;0;190;789;0;0;0;0;0;0;0;58;0;0;0;0;0;0;0;0;0;0;0;0;0;0;0;0;0;0;0;0;0;0;270;0;0;90;0;0;0;0;0;0;0;0;0;0;0;0;0;0;45;0;0;0;0;0;0;0;0;0;0;0;0;0;0;0;524;0;0;2;0;0;0;0;0;0;0;0;0;0;0;0;0;0;0;0;0;0;0;0;0;0;0;0;0;0;0;0;0;0;0;0;0;0;0;0;0;0;1;0;0;0;529;0;0;0;0;0;0;0;0;0;0;0;0;0
SRR22402373;181247;0;0;0;0;0;0;0;0;0;0;0;0;0;50773;181;36;0;0;0;1;1;0;546975;0;0;0;38;0;0;6;146;0;0;0;0;0;0;0;0;0;0;0;630;0;0;114445;69;419388;88258;1;2;0;0;0;0;1;0;6;3;0;269;0;0;4483;1609780;0;0;1;32;0;0;0;5;538477;1;0;0;1728;120007;9913652;0;773574;27;2;0;0;0;0;0;0;1;0;0;0;0;0;0;0;0;0;0;0;0;0;0;0;0;0;0;0;0;0;0;0;0;0;0;0;0;17;0;42;0;0;7;29350658;0;0;514;1;0;0;0;0;0;0;0;0;0
SRR15595322;5732643;5775584;0;0;0;0;0;0;0;0;0;0;0;0;8882;43;0;0;0;0;0;0;0;94;0;0;0;0;0;0;0;1;0;0;0;0;0;0;0;0;0;0;0;0;0;0;1752;4;0;108;1;0;0;0;0;0;0;0;0;0;0;0;0;0;4230;0;0;0;0;0;0;0;0;0;0;0;0;0;0;65;427;0;77;0;0;9;0;0;0;0;0;0;0;1;0;0;0;0;0;0;0;0;0;0;0;0;0;0;0;0;0;0;0;0;0;0;0;0;0;0;0;0;4;0;0;0;158;0;0;0;0;0;0;0;0;0;0;0;0;0
SRR15595328;4978020;5023755;0;0;0;0;0;0;0;0;0;0;0;0;4570;16;0;0;0;0;0;0;0;64;0;0;0;0;0;0;0;0;0;0;0;0;0;0;0;0;0;0;0;0;0;0;1070;0;0;34;5;0;0;0;0;0;0;0;0;0;0;0;0;0;704;0;0;0;0;0;0;0;0;0;0;0;0;40;0;19;459;0;45;0;0;0;0;0;0;0;0;0;0;0;0;0;0;0;0;0;0;0;0;0;0;0;0;0;0;0;0;0;0;0;0;0;0;0;0;0;0;0;3;0;0;0;145;0;0;0;0;0;0;0;0;0;0;0;0;0
SRR22402294;888;0;0;1;0;0;0;0;0;0;0;0;0;0;21091;382;9;0;0;0;2;0;0;158000;0;0;1;103;1;0;12;13;1;1;0;0;0;0;0;0;0;0;0;5362;0;0;204036;1762;1564200;286086;0;1;0;0;0;0;0;0;2;12;0;149;0;0;49828;42614;2;0;0;0;14;0;0;2;59686;0;0;0;8900;69271;7939350;0;243663;5;1;0;0;0;0;0;0;0;0;0;0;0;0;0;0;0;0;0;0;0;0;0;0;0;0;0;0;0;0;0;0;0;0;0;0;0;13;0;33;0;0;962;16032857;0;1;209;953;0;0;0;0;0;0;0;0;0
SRR15595318;12920692;13035807;0;0;0;0;0;0;0;0;0;0;0;0;16678;137;0;0;0;0;0;0;0;260;0;0;0;0;0;0;0;0;0;0;0;0;0;0;0;0;0;0;0;0;0;0;3966;14;0;97;1;0;0;0;0;0;0;0;0;0;0;0;0;0;9189;0;0;0;0;0;0;0;0;0;0;0;0;109;0;37;855;0;113;0;0;4;0;0;0;0;0;0;0;1;0;0;0;0;0;0;0;0;0;0;0;0;0;0;0;0;0;0;0;0;0;0;0;0;0;0;0;0;1;0;0;0;273;0;0;0;0;0;0;0;0;0;0;0;0;0
SRR15595327;5649334;5701867;0;0;0;0;0;0;0;0;0;0;0;0;6101;122;0;0;0;0;0;0;0;20;0;0;0;0;0;0;0;0;0;0;0;0;0;0;0;0;0;0;0;0;0;0;1268;10;0;6;0;0;0;0;0;0;0;0;0;0;0;0;0;0;2618;0;0;0;0;0;0;0;0;0;0;0;0;19;0;0;442;0;0;0;0;5;0;0;0;0;0;0;0;9;0;0;0;0;0;0;0;0;0;0;0;0;0;0;0;0;0;0;0;0;0;0;0;0;0;0;0;0;1;0;0;0;485;0;0;0;0;0;0;0;0;0;0;0;0;0
SRR15595299;8509999;8571625;0;0;0;0;0;0;0;0;0;0;0;0;6140;63;0;0;0;0;0;0;0;93;0;0;0;0;0;0;0;0;0;0;0;0;0;0;0;0;0;0;0;0;0;0;1838;0;0;72;0;0;0;0;0;0;0;0;0;0;0;0;0;0;4305;0;0;0;0;0;0;0;0;0;0;0;0;112;0;0;705;0;3;0;0;6;0;0;0;0;0;0;0;0;0;0;0;0;0;0;0;0;0;0;0;0;0;0;0;0;0;0;0;0;0;0;0;0;0;0;0;0;0;0;0;0;48;0;0;0;0;0;0;0;0;0;0;1;0;0
