Sample;Thermotogae;Thermodesulfobacteria;Acidobacteria;Fusobacteria;Synergistetes;Euryarchaeota;Spirochaetes;Coprothermobacterota;Proteobacteria;Dictyoglomi;Deferribacteres;Elusimicrobia;Nitrospirae;Chrysiogenetes;Aquificae;Candidatus Thermoplasmatota;Calditrichaeota;Pisuviricota;Chlamydiae;Streptophyta;Fibrobacteres;Gemmatimonadetes;Phixviricota;Uroviricota;Armatimonadetes;Tenericutes;Deinococcus-Thermus;Kiritimatiellaeota;Chloroflexi;Actinobacteria;Verrucomicrobia;Planctomycetes;Hofneiviricota;Cressdnaviricota;Firmicutes;Artverviricota;Lentisphaerae;Crenarchaeota;Taleaviricota;Nitrospinae;Nucleocytoviricota;Chlorophyta;Caldiserica;Preplasmiviricota;Peploviricota;Fornicata;Cossaviricota;Kitrinoviricota;Evosea;Candidatus Cryosericota;Negarnaviricota;Duplornaviricota;Bacteroidetes;Ignavibacteriae;Cyanobacteria;Balneolaeota;Chlorobi;Candidatus Saccharibacteria;Rhodothermaeota;Oomycota;Candidatus Melainabacteria;Apicomplexa;Ciliophora;Porifera;Ascomycota;Basidiomycota;Cnidaria
SRR15595321;0;0;0;0;0;17;2;0;24001;0;0;0;0;0;0;0;0;0;0;13;0;0;0;0;0;0;0;0;0;4552;0;0;0;0;14118;0;0;104;0;0;0;0;0;0;1;0;0;0;0;0;0;0;951;0;0;0;0;0;0;0;0;0;0;0;0;0;0
SRR15595249;30;0;22;107;98;104;62;1;113061;0;1;0;0;0;0;0;1;0;0;8;17;0;5;159;1;12;90;0;17;2069552;96208;12;0;0;3127259;0;459;69;0;0;0;0;0;0;0;0;1;0;0;0;0;0;1667555;3;36;0;0;7;3;0;0;0;0;0;0;0;0
SRR22402358;14;0;5;202;81;4;6;0;357336;0;0;0;0;0;1;0;0;0;0;12;6;0;5;129104;5;2;4;0;5;187797;2;0;373;0;6499040;0;0;0;0;0;0;0;0;0;0;0;0;0;0;0;0;0;14516297;12;24;0;3;25;0;0;0;0;0;0;0;0;0
SRR22402261;15;0;13;82;102376;23;465;0;90104;0;1;1;0;0;9;0;0;5;0;23;14;0;4054;467346;5;22;49;0;29;89662;618398;18;2537;66;9919815;0;71428;0;0;0;0;0;0;0;0;0;0;0;0;0;0;0;17028107;0;25;0;0;55;0;0;0;0;0;0;2;0;0
SRR22402276;318;0;27;2444;298;56;347;2;1099994;0;3;0;0;0;2;0;0;0;1;42;11;3;306;1538490;0;124;52;0;14;2286876;1187;7;4500;285;52591346;0;0;0;0;0;0;0;0;0;0;0;0;1;0;0;0;0;93392537;0;312;0;2;181;0;0;0;1;0;0;11;0;0
SRR22402269;47;1;5;1068;221;5087;413;1;512029;0;26;0;0;0;0;0;0;20;0;0;73;2;342;750640;2;323;192;0;106;1990303;1604;18;11155;3;15598062;0;94025;0;0;0;0;0;0;0;0;0;270;0;0;0;0;0;18596737;0;102;0;0;1055;0;0;0;0;0;0;0;11;0
SRR15595311;13;0;1;18;6;2631;13;0;399961;0;0;0;0;0;1;0;0;0;1;8336;4;0;81;833;0;20;9;0;5;1548934;96;0;0;4;2583140;0;0;54;0;0;0;0;0;0;0;0;8;0;0;0;0;0;540702;0;24;0;0;283;0;0;0;0;0;0;6224;0;0
SRR15595256;0;0;0;0;0;8;0;0;24826;0;0;0;0;0;0;0;0;0;0;11;0;0;0;0;0;0;0;0;0;3880;6;7;0;0;11473;2;0;139;0;0;0;0;0;0;1;0;0;0;0;0;0;0;74;0;0;0;0;0;0;0;0;0;0;0;0;0;0
SRR22402370;16;0;92;31;17834;146;80;0;1092253;0;0;3;0;0;12;0;0;8;1;109;14;8;428;430983;4;6;77;0;6;155658;512992;6;16631;2;12746903;0;9;0;0;0;3;0;0;0;0;0;0;0;0;0;0;0;12421061;0;40;3;15;470;0;0;0;0;0;0;0;0;0
SRR15595269;10;0;6;179;2;158;8;1;46018;0;6;0;0;3;1;0;0;0;0;591;1;0;79;86;3;9;13;0;2;5339047;370;2;0;0;5039706;0;0;90;0;0;0;0;0;0;0;0;0;0;0;0;0;0;488132;0;13;0;0;207;0;0;0;0;0;0;18140;0;0
SRR22402364;41;0;27;1087;2486;45;416;0;260384;0;0;87;0;5;9;0;0;6;2;29;42;0;399;547950;6;1015;254;0;8;382443;1482734;14;4145;48;12932640;0;70600;0;0;0;1;0;0;0;0;0;0;0;0;0;0;0;21322163;10;307;0;2;262;4;0;0;0;0;0;0;0;0
SRR15595246;41;1;27;62;492;618;108;2;150568;0;0;1;0;0;2;0;0;0;13;228;12;17;0;5340;3;59;113;0;50;1295073;619;31;11;0;6611239;0;27;466;0;0;0;0;0;0;0;0;35;0;0;0;1;0;2692129;4;77;0;3;94;3;0;0;0;0;0;23;0;0
SRR22402346;51;0;18;3847;71;8;54;0;232964;0;0;0;0;7;13;0;0;4;1;12;62;2;2750;525769;0;15;57;0;36;115404;25433;3;830;0;9470553;0;19958;0;0;0;2;0;0;0;0;0;0;0;0;0;0;0;19109634;0;39;0;2;56;0;0;1;0;0;0;0;0;0
SRR22402298;35;24;48;5746;154;15826;254;0;372090;0;16;2;2;0;13;185;0;6;0;205;29;22;2770;581635;7;410;128;7;28;2153726;648;22;9604;71;12018052;0;92725;0;0;0;0;0;0;0;0;0;0;0;0;0;0;0;18502118;0;127;1;1;392;1;0;0;0;0;0;0;0;0
SRR22402270;78;27;49;128;210;358;215;0;413880;0;3;0;0;8;58;0;0;8;6;11;113;182;199;683049;17;72;217;1;68;124082;336;32;7767;107;10705922;0;101793;1;0;0;0;0;0;0;0;0;0;0;0;0;0;0;16802782;2;133;0;0;20;4;0;4;0;0;0;0;0;0
SRR22402296;72;0;67;296;471;6146;154;0;1092123;0;55;0;0;6;34;2;0;5;0;38;64;25;1659;671362;2;53;166;0;64;245268;28075;23;17034;92;15424939;0;37131;0;0;0;2;1;0;0;0;0;0;0;0;0;0;0;33412232;0;175;0;5;181;1;0;0;0;0;0;0;0;0
SRR22402302;14;0;0;282;25;2;26;1;1339183;0;0;0;0;0;2;0;0;0;1;50;0;0;505;3052604;0;3;15;0;1;409893;1587;0;4375;15;9829519;0;7;0;0;0;0;0;0;0;0;0;0;0;0;0;0;0;42915157;0;43;0;0;158;0;0;0;0;0;0;14;0;0
SRR22402288;181;6;26;193;279;35;364;1;1168708;0;0;0;0;30;93;1;0;3;0;21;262;15;245;700905;18;195;216;1;137;913035;317539;26;11866;71;12958893;0;0;0;0;1;32;0;0;0;0;0;0;0;0;0;0;0;16967183;0;170;1;5;209;0;0;4;0;0;0;0;0;0
SRR22402284;24;0;5;60;35;11;125;0;887470;0;0;0;0;0;5;0;0;0;1;47;12;0;1154;336866;7;18;33;0;10;1008157;1599;0;1380;0;7615772;0;643;0;0;0;0;0;0;0;0;0;0;0;0;0;0;0;20750556;0;132;1;0;297;1;0;0;0;0;0;19;0;0
SRR22402382;70;108;121;64;72123;557080;103;2;1147012;0;1;1;5;0;1;889;0;22;0;44;67;37;490;877932;7;374;159;8;108;228994;628;60;30707;0;11592978;0;64729;0;0;0;0;0;0;0;0;0;0;1;0;0;0;0;9303394;0;146;0;1;1;1;0;0;0;0;0;0;0;0
SRR15595271;11;1;29;7;33;142;33;2;44298;0;0;0;0;0;0;0;0;0;0;227;4;2;1;220;12;8;60;0;7;6013198;38864;12;0;1;5956899;0;0;34;0;1;0;0;1;0;0;0;0;0;0;0;0;0;1969995;0;24;1;0;30;3;0;1;0;0;0;47;0;0
SRR22402329;12;0;17;215;1904;484;55;0;612073;0;0;0;0;0;2;0;0;7;0;0;7;0;78;220850;0;6;26;0;4;89985;75;3;9208;0;6213533;0;48;0;0;2;0;0;0;7;1;0;0;0;0;0;0;0;9713149;2;71;0;1;391;0;0;0;0;1;0;0;0;0
SRR15595247;0;0;0;0;0;2;0;0;9533;0;0;0;0;0;0;0;0;0;0;0;0;0;0;0;0;0;0;0;0;1890;0;0;0;0;5102;0;0;36;0;0;0;0;0;0;0;0;0;0;0;0;0;0;201;0;0;0;0;0;0;0;0;0;0;0;0;0;0
SRR22402348;4;0;2;133;8;6;41;0;387277;0;0;0;1;0;2;0;0;1;0;5;1;13;121;308334;0;11;5;0;1;1102160;592286;13;4119;0;7961422;0;5674;0;0;0;1;0;0;13;0;0;0;0;0;0;0;0;22074035;48;8;0;0;63;0;0;0;0;0;0;4;0;0
SRR22402283;48;0;3;428;5;6;32;0;987590;0;7;0;0;0;0;0;0;0;0;602;5;0;3841;1126427;4;13;14;0;4;967017;3039;4;5115;8;22221454;0;1;0;0;0;0;0;0;0;0;0;0;0;0;0;0;0;28547855;0;19;0;0;138;0;0;1;0;0;0;36;0;0
SRR15595342;0;0;0;0;0;0;0;0;9885;0;0;0;0;0;0;0;0;0;2;0;0;0;0;0;0;0;0;0;0;2186;0;3;0;0;4545;0;0;94;0;0;0;0;0;0;10;0;0;0;0;0;0;0;1558;0;0;0;0;0;0;0;0;0;0;0;0;0;0
SRR15595289;6;2;5;5;66;857;11;2;22635;0;0;0;0;0;1;0;0;0;0;211;1;3;37;185;0;14;18;1;15;1841962;4346;2;0;3;3951300;0;0;59;0;0;0;0;0;0;0;0;0;0;0;0;0;0;1499191;0;214;0;0;949;0;0;0;0;0;0;16;0;0
SRR22402278;206;22;408;1074;28571;65119;607;0;657482;0;53;0;16;0;49;833;0;13;15;74;364;83;3122;721659;347;537;1185;7;264;1568283;686675;115;11706;166;11316881;0;169739;0;0;1;1;0;0;94;0;0;0;0;0;0;0;0;8144909;1;858;0;91;512;0;0;0;0;0;0;152;0;0
SRR22402265;49;1;30;3998;7519;37643;222;0;488525;0;0;0;5;0;14;0;0;6;0;3;14;28;2763;464384;3;44;90;2;301;297944;365281;11;4171;99;6458171;1;0;0;0;0;0;0;0;0;0;0;0;0;0;0;0;0;16197069;1;95;0;2;12;2;0;0;0;0;0;0;0;0
SRR22402281;235;136;33;894;371;106343;313;0;383217;0;4;0;10;6;21;0;0;28;2;299;169;89;4261;876284;71;922;437;0;323;109854;1073725;40;37166;233;15738672;0;1258;0;0;0;1;0;0;0;0;0;8;0;0;0;0;0;19112685;1;763;0;1;444;7;0;15;0;0;0;10;0;0
SRR15595324;0;0;0;0;0;26;0;0;31311;0;0;0;0;0;0;0;0;0;0;7;0;0;0;0;0;0;0;0;0;4691;0;14;0;0;13828;3;0;139;0;0;0;0;0;0;53;0;0;0;0;0;0;0;51;0;0;0;0;0;0;0;0;0;0;0;0;0;0
SRR22402280;137;93;188;647;330;63888;239;0;577833;0;11;1;2;15;86;1;0;11;5;176;258;138;2022;1087771;33;832;353;3;217;1005838;4613;33;28481;104;18209213;0;191985;0;0;0;0;0;0;43;0;0;0;0;0;0;0;0;26271673;1;377;0;9;620;0;0;3;0;0;0;1680;0;0
SRR22402275;21;0;13;961;140;32;47;0;338680;0;0;0;0;0;0;0;0;1;4;6;2;0;104;1975557;0;19;59;0;5;1178550;317;6;5991;0;9730971;0;0;0;0;0;3;0;0;0;0;0;0;0;0;0;0;0;17584052;0;25;0;12;284;4;0;0;0;0;0;0;0;0
SRR15595337;0;0;0;0;0;0;0;0;10737;0;0;0;0;0;0;0;0;0;0;6;0;0;0;0;0;0;0;0;0;1945;0;0;0;0;6916;0;0;0;0;0;0;0;0;0;1;0;0;0;0;0;0;0;80;0;0;0;0;0;0;0;0;0;0;0;0;0;0
SRR15595251;0;0;0;0;0;0;0;0;8832;0;0;0;0;0;0;0;0;0;0;22;0;0;0;0;0;0;0;0;0;1970;0;4;0;0;6892;1;0;34;0;0;0;0;0;0;9;0;0;0;0;0;0;0;674;0;2;0;0;0;0;0;0;0;0;0;0;0;0
SRR22402285;37;20;48;106;129;345;508;0;598673;0;2;0;0;0;6;0;0;1;0;58;36;18;3632;920597;11;110;83;0;32;694971;9591;10;9499;36;14772918;0;7324;0;0;0;11;0;0;0;1;0;0;0;0;0;0;0;36881785;0;254;1;1;624;2;0;0;0;0;0;0;6;3
SRR15595352;0;0;0;0;0;0;0;0;6836;0;0;0;0;0;0;0;0;0;0;2;0;0;0;0;0;0;0;0;0;1226;1;1;0;0;3974;1;0;24;0;0;0;0;0;0;0;0;0;0;0;0;0;0;658;0;0;0;0;0;0;0;0;0;0;0;0;0;0
SRR22402254;43;101;137;561;675;64668;466;0;487299;0;17;0;0;1;11;0;0;7;5;11;36;310;248;2355547;91;484;337;3;225;1352255;408763;56;27047;0;6884314;0;243211;0;0;18;1;0;0;0;0;0;0;1;0;0;0;0;14163643;34;264;0;10;86;0;0;0;0;0;0;0;0;0
SRR22402347;15;22;14;29;103;20;184;0;20974;0;1;0;1;11;26;6;0;2;0;9;95;6;72;424172;1;6;98;0;13;46610;80;14;6014;0;10329470;0;0;0;0;0;1;0;0;0;0;0;0;0;0;0;0;0;10319524;0;27;0;0;7;1;2;0;0;0;0;0;0;0
SRR22402277;132;23;45;444;8900;72830;533;1;1087161;0;196;1;15;11;13;1754;0;47;0;230;41;190;1763;1341383;34;852;489;0;154;242208;9164;45;14748;373;17093696;0;116959;0;0;21;0;0;0;11;0;0;0;0;0;0;0;0;24429028;3;485;0;7;578;1;0;13;0;0;0;128;0;0
SRR22402292;5;0;6;342;0;0;3;0;158045;0;0;0;0;2;1;0;0;3;0;5;2;0;92;149583;0;4;0;0;1;64256;0;9;247;1;6840891;0;0;0;0;0;0;0;0;0;0;0;0;0;0;0;0;0;22690923;0;13;0;0;128;1;0;0;0;0;0;0;0;0
SRR22402374;18;67;58;1660;23273;6753;303;0;1246455;0;1;0;0;1;7;4;0;6;2;0;36;29;510;660496;5;29;169;9;29;208110;1394139;19;17268;98;14506668;0;94677;0;0;0;3;0;0;17;0;0;0;0;0;0;0;0;28819818;1;44;0;3;270;0;0;0;0;0;0;30;3;0
SRR22402377;50;3;125;674;860;133;294;0;643584;0;14;1;0;0;14;4;0;17;71;1754;354;68;1024;619620;13;484;515;0;87;263279;208847;67;8348;230;12180327;0;157963;0;0;0;6;0;0;0;0;0;0;0;0;0;0;0;19310587;11;399;0;59;121;2;0;0;0;0;0;11;0;0
SRR22402310;60;60;25;197;150;59;196;0;211922;0;0;0;1;0;52;0;0;21;12;9;74;5;1229;512246;137;612;137;3;130;153161;432807;26;14512;6;10425956;0;353011;1;0;0;2;0;0;0;1;0;0;0;0;0;0;0;23609382;0;183;0;6;411;3;0;0;0;0;0;5;0;0
SRR22402319;57;46;135;89;239;27128;291;0;653034;0;34;0;0;0;23;0;0;14;0;45;168;10;1086;644378;1;222;281;0;4;45370;472762;38;10527;49;11661051;0;27559;0;0;0;2;0;0;0;0;0;0;0;0;0;0;0;17677348;1;29;0;13;206;0;0;0;0;0;0;140;0;0
SRR22402264;187;2;175;1359;798;119;318;0;2427862;0;4;4;29;12;19;0;0;73;1;356;124;48;4768;1813031;66;1242;781;2;187;251458;910;396;2764;118;15099668;0;59362;0;0;0;0;0;0;0;0;0;0;0;0;0;0;0;20224991;0;567;1;6;30;1;0;0;0;0;0;17;0;0
SRR22402381;9;0;38;32;183;12566;65;0;243437;0;3;0;0;0;0;0;0;12;2;10;2;0;2067;309882;10;15;67;2;17;260454;1816698;24;3541;13;7263478;0;0;0;0;0;0;0;0;0;2;0;0;0;0;0;0;0;18511463;10;62;0;11;28;0;0;0;0;0;0;0;0;0
SRR15595279;29;22;133;160;788;89422;89;0;486662;0;106;2;2;0;1;0;0;22;13;239;121;42;11;776;11;39;219;0;78;1401426;828;31;0;6;5400304;0;151;1512;0;4;0;0;0;0;0;0;0;0;0;0;0;0;4748864;7;86;2;8;41;3;0;2;0;0;0;27;0;0
SRR22402368;5;0;2;1021;35;2;38;1;7812898;0;1;0;0;0;1;0;0;0;0;14;2;0;984;639649;0;21;26;0;5;1552303;400;5;6215;16;19936458;0;0;0;0;0;2;0;0;0;0;0;0;0;0;0;0;0;36574957;0;40;0;3;2013;0;0;0;0;0;0;0;0;0
SRR22402369;41;1;15;38;1719;12;56;0;782461;0;7;2;0;1;1;0;0;3;1;9;4;24;303;1501381;0;9;43;5;24;1156634;447;9;5063;2;10932494;0;0;0;0;0;0;0;0;0;0;0;0;0;0;0;0;0;21188304;0;26;0;1;104;0;0;0;0;0;0;6;1;0
SRR15595345;0;0;0;1;0;22;0;0;14261;0;0;0;0;0;0;0;0;0;0;0;0;0;0;0;0;0;0;0;0;1875;0;0;0;0;6158;1;0;89;0;0;0;0;0;0;4;0;0;0;0;0;0;0;36;0;0;0;0;0;0;0;0;0;0;0;0;0;0
SRR22402300;69;1;34;876;770;25325;226;0;297738;0;55;1;1;0;2;0;0;3;2;21;16;12;473;549456;2;40;106;1;29;1756850;294;3;15936;128;14217726;0;63536;0;0;0;10;0;0;3;0;0;0;0;0;0;0;0;12186363;0;17;0;5;44;0;0;0;0;0;0;0;0;0
SRR15595245;5;2;14;327;721;174;26;0;212144;0;19;1;0;0;2;0;0;0;1;1804;1;29;12;80;5;9;38;0;25;2308109;124938;48;0;0;4096333;0;1065;177;0;0;0;0;0;0;0;0;13;0;0;0;0;0;6333825;0;71;2;0;331;0;0;0;0;0;0;0;0;0
SRR22402271;171;118;163;570;9419;44696;490;0;1249871;0;51;0;2;0;23;2;0;14;3;37;11;60;350;1247843;76;551;290;11;192;2023868;1534318;65;17984;3;24610176;0;87275;1;0;14;5;0;0;0;0;0;0;0;0;0;0;0;14458907;20;317;2;6;200;0;0;1;0;0;0;723;0;0
SRR22402353;44;10;58;74;1447;46665;47;0;646496;0;6;0;2;0;23;11;0;4;0;19;374;1;637;726275;5;4;60;2;63;408949;321;4;8239;148;13579763;0;19901;0;0;0;0;0;0;208;0;0;0;0;0;0;0;0;14641404;2;163;0;60;89;1;5;0;0;0;0;176;0;0
SRR15595317;0;0;0;0;0;7;0;0;9553;0;0;0;0;0;0;0;0;0;1;0;0;0;0;1;0;0;0;0;0;1362;29;0;0;0;4902;1;0;49;0;0;0;0;0;0;0;0;1;0;0;0;0;0;40;0;0;0;0;0;0;0;0;0;0;0;2;0;0
SRR15595293;18;17;10;56;46;25;5;1;16726;0;0;0;0;0;0;0;0;0;0;1449;0;1;76;706;0;96;47;0;10;523018;265851;30;0;2;5265439;0;0;48;0;0;3;0;0;0;0;0;91;0;0;0;0;0;245479;0;144;1;2;198;1;0;0;0;0;0;0;0;0
SRR22402356;22;0;3;184;717;581;55;0;666695;0;7;0;0;0;4;0;0;2;0;187;2;0;337;158128;2;15;8;0;5;674574;78;1;721;0;7028147;0;39243;0;0;0;0;0;0;0;0;0;7;0;0;0;0;0;14214413;0;47;0;0;203;0;0;0;0;0;0;0;0;0
SRR22402332;84;22;36;283;198;45;29;0;978437;0;1;0;0;0;5;0;0;6;0;0;7;29;1091;559842;1;28;95;0;110;321720;169;12;8129;66;16275097;0;10;0;0;0;1;0;0;0;0;0;0;0;0;0;0;8;30113197;1;47;1;0;339;0;0;0;0;0;0;0;0;0
SRR22402295;156;91;342;535;4476;65041;595;0;348454;0;2;0;35;1;5;0;0;17;16;28;150;12;2065;904151;28;522;385;45;112;350314;58464;155;26790;0;11323658;0;5799;0;0;0;5;0;0;131;0;0;0;2;0;0;0;0;9777834;1;1010;0;21;102;0;0;0;0;0;0;0;0;0
SRR15595303;17;9;12;35;74;9633;16;0;68926;0;2;0;1;0;0;0;0;0;0;43;13;6;4;54;1;65;53;3;36;2663546;534;63;0;3;1945513;0;21;192;0;0;0;0;0;0;0;0;0;0;0;0;0;0;5220429;0;19;0;1;23;3;0;0;0;0;0;0;0;0
SRR22402379;15;0;1;212;68;24;40;0;244498;0;0;0;9;0;12;262;0;5;0;276;17;0;210;108753;7;4277;511;0;28;492267;24033;0;2707;38;8811786;0;0;0;0;0;0;0;0;0;0;0;0;0;0;0;0;0;27732468;0;41;0;0;41;6;0;0;0;0;0;30;0;0
SRR22402304;33;1;13;37;124;12;99;0;1422448;0;0;0;0;0;4;0;0;3;1;147;41;13;75;306153;80;364;85;0;75;322230;450010;3;4895;57;12921520;0;4815;0;0;0;0;0;0;1;0;0;0;0;0;0;0;0;8979149;0;51;0;2;89;0;0;0;0;0;0;0;0;0
SRR22402350;34;2;141;160;168;118216;377;0;946505;0;4;0;8;4;63;0;0;20;0;0;66;26;4008;818370;0;75;253;1;150;437172;506;26;4411;9;11910812;0;407825;0;0;0;0;0;0;0;1;0;0;0;0;0;0;0;23678889;3;122;1;16;694;9;0;3;0;1;0;5;0;0
SRR22402268;4;0;23;7229;26;24;57;1;567166;0;0;2;0;0;2;0;0;8;0;37;7;0;488;741169;0;9;59;0;53;480435;290;0;2346;0;9437418;0;7;0;0;0;0;0;0;0;0;0;0;0;0;0;0;0;19160085;1;17;0;4;367;0;0;0;0;0;0;4195;0;0
SRR22402297;46;13;36;27;220;66;36;1;313261;0;0;0;0;1;3;0;0;43;3;92;6;28;416;1187112;1;8;106;0;59;158263;201;5;4464;63;11378195;1;36;0;0;0;0;0;0;0;0;0;0;0;0;0;0;0;40236706;1;94;0;0;63;1;0;0;0;0;0;0;0;0
SRR22402317;133;0;20;275;3762;30453;250;1;405849;0;0;0;0;0;4;0;0;8;0;10;22;31;429;470117;30;202;64;5;66;296418;726;23;7194;10;9029050;0;17921;0;0;0;0;0;0;0;0;0;0;0;0;0;0;0;11196414;2;91;0;4;102;0;0;0;0;0;0;0;0;0
SRR15595353;0;0;0;0;0;5;1;0;7955;0;0;0;0;0;0;0;0;0;0;0;0;0;0;0;0;0;0;0;0;1534;0;0;0;0;3708;0;0;0;0;0;0;0;0;0;1;0;0;1;0;0;0;0;826;0;0;0;0;0;0;0;0;0;0;0;0;0;0
SRR15595257;79;0;71;112;4967;57590;51;1;353847;4;1;1;0;0;3;0;0;0;0;10;3;18;380;250;16;306;146;0;34;1508569;62008;2;0;0;6883329;0;99;322;0;0;0;0;0;0;0;0;1;0;0;0;0;0;3183593;1;44;0;8;105;2;0;0;0;0;0;0;0;0
SRR15595248;36;4;0;42;73;46;40;0;67025;0;4;0;0;0;2;0;0;0;9;147;2;0;87;504;2;163;40;0;46;856938;62391;1;0;0;4599960;0;4;78;0;0;0;0;0;0;0;0;0;0;0;0;0;0;479426;0;24;0;6;0;1;0;0;0;0;0;0;0;0
SRR15595305;14;0;13;43;36;14512;48;3;87660;0;0;0;0;0;0;0;0;0;1;49;2;2;0;34475;15;73;43;1;16;275325;608;9;0;0;3165601;0;39;180;0;1;0;0;0;0;0;0;0;0;0;0;0;0;1003613;1;28;1;4;31;2;0;1;0;0;0;45;0;0
SRR22402349;5;11;1;21461;19;32;33;0;431232;0;1;0;0;0;22;0;0;0;0;1;16;6;419;148269;4;33;31;0;8;104269;276;1;3616;0;2624193;0;6663;0;0;0;0;0;0;0;0;0;0;0;0;0;0;0;28344840;2;14;0;2;48;0;0;0;0;0;0;0;0;0
SRR22402273;147;2;8;268;540432;251;201;0;1795253;0;5;0;0;0;0;0;0;15;1;28;2;41;540;1061766;4;336;115;0;1;3600462;983;51;9004;51;27782400;0;1;0;0;0;0;0;0;1;0;0;0;0;0;0;0;0;55383952;3;158;1;1;335;0;0;0;0;0;0;0;0;0
SRR15595329;0;0;0;0;0;0;0;0;4631;0;0;0;0;0;0;0;0;0;0;0;0;0;0;0;0;0;0;0;0;905;15;1;0;0;2815;1;0;29;0;0;0;0;0;0;1;0;3;0;0;0;0;0;14;0;0;0;0;0;0;0;0;0;0;0;0;0;0
SRR22402314;47;61;160;546;49706;35499;764;0;648976;0;84;1;8;13;5;10;0;9;569;212;13;51;1739;454543;44;1287;289;12;81;573956;801013;36;22448;10;12181739;0;40912;0;0;0;0;0;0;253;0;0;0;0;0;0;0;0;21558748;4;675;0;14;453;3;0;0;0;0;0;0;0;0
SRR22402321;96;0;18;642;208;99;701;1;1105244;0;5;2;2;2;13;0;0;0;2;56;59;21;1267;724281;6;154;132;0;127;1508934;2020829;56;13753;15;19744688;0;270;0;0;0;15;0;0;0;0;0;0;0;0;0;0;0;29918814;0;196;1;3;134;0;0;4;0;0;0;0;0;0
SRR22402322;106;266;124;691;22453;84186;612;0;520819;1;6;2;2;53;13;0;0;6;14;360;27;240;289;1269263;155;1394;798;0;199;2594329;747579;192;68023;5;9416565;0;44649;0;0;3;1;0;0;0;0;0;0;1;0;0;0;0;16048376;2;447;12;22;32;5;0;3;0;0;0;493;13;0
SRR22402259;37;0;73;104;232;50419;371;3;301731;0;104;0;0;2;12;0;0;6;53;688;29;183;2286;682928;15;468;106;4;93;219259;431168;89;5790;0;9897589;0;3265;0;0;0;0;0;0;101;2;0;0;0;0;0;0;0;13969434;1;100;1;6;76;0;0;3;0;0;0;6;0;0
SRR15595336;0;0;0;0;0;22;1;0;26296;0;0;0;0;0;0;0;0;0;1;4;0;0;0;0;0;0;0;0;0;3984;0;7;0;0;9998;2;0;135;0;0;0;0;0;0;10;0;0;0;0;0;0;0;138;0;1;0;0;0;0;0;0;0;0;0;0;0;0
SRR22402352;26;0;7;295;98;38;94;0;683374;0;0;2;0;0;3;0;0;54;0;310;1;36;882;289586;1;9;132;0;25;855242;181644;2;1478;76;15130485;0;0;0;0;0;0;0;0;0;0;0;0;0;0;0;0;0;26613995;0;68;1;0;430;0;0;0;0;0;0;0;0;0
SRR15595253;16;0;8;32;6;297;49;3;567838;0;0;0;0;1;2;0;0;0;1;806;3;1;0;164;3;23;36;0;1;11565728;724;4;0;0;8740682;0;4;173;0;0;0;0;0;0;0;0;1;0;0;0;0;2;124628;0;12;1;0;1234;1;0;0;0;0;0;42942;0;0
SRR22402263;61;0;26;172;4606;53;22;0;195501;0;2;0;0;6;19;0;0;8;4;0;46;16;372;590897;233;155;123;0;37;221175;866128;7;5553;5;6739292;0;133579;0;0;0;1;0;0;0;0;0;0;0;0;0;0;0;11733840;1;95;0;8;60;0;0;0;1;0;0;0;0;0
SRR22402312;26;2;26;103;157;2;88;0;94100;0;0;0;0;0;0;1;0;2;0;54;6;16;970;563887;8;122;80;3;19;93868;494;4;5353;0;9182338;0;134148;0;0;0;3;0;0;0;0;0;0;0;0;0;0;0;16072748;0;23;0;0;33;0;0;0;0;0;0;0;0;0
SRR22402335;20;0;24;46;39;17;30;0;244366;0;0;0;0;0;2;0;0;1;1;55;17;0;1238;576610;1;6;50;0;26;763357;58;3;5147;20;8777166;0;0;0;0;9;0;0;0;0;0;0;0;0;0;0;0;0;12018760;0;33;1;0;69;1;0;0;0;0;0;0;0;0
SRR22402384;2;0;1;91885;0;0;14;0;310102;0;0;0;0;0;0;0;0;7;0;46;1;64;314;263276;0;2;72;0;6;258656;55;0;3969;0;4876455;0;0;0;0;0;0;0;0;0;0;0;0;0;0;0;0;0;21553582;0;17;0;0;36;0;0;0;0;0;0;0;0;0
SRR22402267;22;0;46;126;60;18;121;1;657237;0;2;0;1;0;2;1;0;3;1;225;10;0;3273;798645;5;72;22;2;39;640666;7;7;10337;2;16793067;0;355;0;0;8;37;0;0;0;0;0;0;0;0;0;0;0;35908064;2;136;0;119;1997;0;1;1;0;0;0;120;0;0
SRR22402293;18;1;2;466;194;19;15;0;266047;0;9;1;0;0;2;0;0;0;0;95;6;6;420;253406;1;8;9;0;0;164825;88;0;1793;36;4883450;0;0;0;0;0;0;0;0;8;0;0;0;0;0;0;0;0;20261817;0;13;0;0;396;0;0;0;0;0;0;0;0;0
SRR15595255;25;1;5;43;30;398;18;2;139783;0;30;1;0;0;1;0;0;0;0;368;3;2;2;2193;7;11;48;1;22;2099473;605;6;0;0;10387772;0;18;179;0;0;0;0;1;0;1;0;0;0;0;0;0;0;3885156;0;14;0;6;89;1;0;0;0;0;0;73;0;0
SRR15595335;0;0;0;0;0;22;4;0;26250;0;0;0;0;0;0;0;0;0;0;7;0;0;0;0;0;0;0;0;0;4109;34;10;0;0;11286;2;0;116;0;0;0;0;0;0;8;0;2;0;0;0;0;0;20;0;0;0;0;0;0;0;0;0;0;0;0;0;0
SRR22402371;3;0;0;8;0;0;0;0;18565;0;0;0;0;0;0;0;0;0;0;160;0;0;86;20844;0;5;6;0;0;37264;0;0;101;0;1675607;0;0;0;0;0;2;0;0;0;0;0;0;0;0;0;0;0;4485401;0;8;0;0;47;0;0;0;0;0;0;6;0;0
SRR22402309;60;0;18;81;150;276;279;0;937559;0;1;1;0;1;11;0;0;8;3;134;42;225;246;687839;5;46;104;0;12;623541;73377;14;3967;28;15173569;0;86;0;0;48;0;0;0;0;0;0;0;0;0;0;0;0;22353117;1;54;0;2;348;0;0;0;0;0;0;3;0;0
SRR22402344;157;6;79;2238;445;154306;155;0;523931;0;54;0;3;0;2;0;0;28;1;24;92;204;172;695400;50;441;228;2;71;549088;985;67;7032;2;11030806;0;6132;0;0;0;0;0;0;0;0;0;0;0;0;0;0;0;17852700;0;160;1;0;53;1;0;0;0;0;0;2;0;0
SRR22402306;16;0;14;8;59;20;22;0;4936641;0;3;1;0;0;6;0;0;5;1;0;9;15;231;276399;7;1;31;0;38;72228;308;5;1436;4;9726099;0;8;0;0;0;0;0;0;0;0;0;0;0;0;0;0;0;21138696;0;26;0;1;0;0;0;0;0;0;0;5;0;0
SRR15595267;11;1;0;3;9;48;2;0;38878;0;0;0;0;0;1;0;0;0;0;10;1;1;83;595;0;5;3;0;15;248140;2388;0;1;0;2902866;0;0;0;0;0;0;0;1;0;0;0;0;0;0;0;0;0;1158233;0;55;0;1;22;0;0;0;0;0;0;27;0;0
SRR22402367;4;0;1;43;10;2;10;0;1520021;0;1;0;0;0;0;0;0;0;0;85;0;0;35;403344;0;6;7;0;5;531173;2;1;3168;43;6728974;0;0;0;0;0;0;0;0;0;0;0;0;0;0;0;0;0;20009395;0;6;0;0;981;1;0;0;0;0;0;0;0;0
SRR15595347;0;0;0;0;0;6;0;0;7841;0;0;0;0;0;0;0;0;0;0;0;0;0;0;0;0;0;0;0;0;1672;0;0;0;0;4138;0;0;38;0;0;0;0;0;0;0;0;0;0;0;0;0;0;804;0;0;0;0;0;0;0;0;0;0;0;0;0;0
SRR15595254;26;0;1;15;0;26;15;0;30577;0;7;0;0;0;0;0;0;0;0;209;0;0;38;672;0;8;2;0;3;1432850;237;0;0;0;4162638;0;0;58;0;0;0;0;1;0;0;0;6;0;0;0;0;0;50783;0;3;0;0;37;0;0;0;0;0;0;1138;0;0
SRR15595339;0;0;0;0;0;25;3;0;19583;0;0;0;0;0;0;0;0;0;0;0;0;0;0;0;0;0;0;0;0;3071;0;6;0;0;9338;0;0;133;0;0;0;0;0;0;0;0;0;0;0;0;0;0;753;0;0;0;0;0;0;0;0;0;0;0;0;0;0
SRR15595277;27;0;0;26;7;194;19;1;73741;0;7;0;0;0;2;0;0;0;1;561;1;1;0;806;0;4;17;0;5;1915945;1203;1;1;0;6697396;0;0;59;0;0;0;0;0;0;0;0;0;0;0;0;0;0;2180694;0;4;0;0;527;0;0;0;0;0;0;157;0;0
SRR22402355;26;1;55;2122;27287;16688;53;0;156314;0;28;0;1;3;1;0;0;2;0;4;25;7;428;623437;6;49;109;0;129;83056;23189;9;2139;1;8566912;0;3199;0;0;0;1;0;0;0;0;0;0;0;0;0;0;0;13441880;83;300;1;2;359;0;0;4;0;0;0;0;0;0
SRR22402313;275;185;38;263;724;174360;300;0;1384179;0;0;1;5;0;1;0;0;15;12;40;202;195;6588;995935;445;383;548;3;216;889381;1506;55;42068;46;16995169;0;179096;0;0;4;0;0;0;78;0;0;0;2;0;0;0;0;21076367;0;435;0;11;219;0;0;0;0;0;0;44;0;0
SRR22402365;12;3;18;413;8682;40015;21;0;1418667;0;0;0;0;0;0;0;0;1;0;43;10;13;1741;357425;31;9;54;3;7;747444;130;0;2125;15;7580175;0;7135;0;0;0;0;0;0;2;0;0;0;0;0;0;0;0;25155878;1;50;0;0;197;0;0;0;0;0;0;0;0;0
SRR22402342;64;0;50;63;157;84;77;0;1058553;0;12;1;0;0;3;0;0;19;0;9;3;58;1393;2121609;157;59;157;9;64;4226955;1140;7;2192;2;11747684;0;12943;0;0;0;2;0;0;0;0;0;0;0;0;0;0;0;18646045;0;65;0;8;437;0;0;0;0;0;0;0;0;0
SRR22402289;92;0;19;153;242;576;80;0;257079;0;8;0;0;0;15;0;0;1;0;297;38;72;266;515753;14;81;69;0;11;839324;182284;4;6172;1;12033222;1;139755;0;0;2;0;0;0;0;1;0;0;0;0;0;0;0;16425930;0;56;0;0;299;0;0;0;0;0;0;0;0;0
SRR15595315;52;0;2;9;6;0;11;0;30535;0;0;0;0;1;0;0;0;0;0;33;0;0;5;23;0;1;18;0;11;995246;36;2;0;0;2881592;0;0;49;0;0;0;0;0;0;0;0;0;0;0;0;0;0;325769;0;4;0;1;38;0;0;0;0;0;0;0;0;0
SRR15595295;16;0;60;81;26;141;7;4;7887444;0;30;0;1;2;0;0;0;0;1;644;0;0;0;41;3;14;23;0;2;1034081;935;7;1;0;9631002;0;0;86;0;0;0;0;0;0;0;0;0;0;0;0;0;0;197751;0;37;0;2;445;2;0;0;0;0;0;4;0;0
SRR22402343;187;210;114;319;11467;70066;204;0;461743;0;0;1;0;0;18;0;0;33;2;119;167;7;2527;701494;174;745;424;3;244;544069;1130073;3;37992;72;11226335;0;17390;0;0;0;0;0;0;26;0;0;0;0;0;0;0;0;13834531;2;451;1;2;199;6;0;0;0;0;0;0;0;0
SRR22402320;21;9;15;189;859;17161;294;0;398125;0;2;0;3;3;0;0;0;6;2;32;11;73;499;618526;11;158;109;0;39;357405;42606;0;11305;121;9712641;0;0;0;0;0;0;0;0;0;0;0;0;0;0;0;0;0;27775944;0;82;0;0;15;0;0;0;0;0;0;0;0;0
SRR15595351;0;0;0;0;0;0;8;0;8769;0;0;0;0;0;0;0;0;0;0;5;0;0;30;4;0;0;0;0;0;2657;0;2;0;0;8011;1;0;54;0;0;0;0;0;0;1;0;0;0;0;0;0;0;1038;0;26;0;0;0;1;0;0;0;0;0;0;0;0
SRR15595244;20;0;9;22;32;31;2;2;85619;0;33;0;0;0;3;0;0;0;0;90;0;0;46;377;2;45;45;0;9;558599;40627;2;0;0;4151789;0;0;71;0;0;0;0;0;0;0;0;0;0;0;0;0;0;1259236;3;23;0;0;218;0;0;0;0;0;0;0;0;0
SRR22402326;13;37;15;122;70;36;61;1;336360;0;3;0;0;0;5;0;0;0;0;177;4;3;455;234285;10;10;35;0;7;786689;108;4;7192;0;7176476;0;4;0;0;0;0;0;0;0;0;0;0;0;0;0;0;0;16641150;0;30;0;1;58;0;0;0;0;0;0;0;0;0
SRR22402282;42;0;2;49;301;9;56;0;130627;0;0;0;0;16;36;1;0;3;0;9;170;0;771;1543113;0;25;118;0;2;490171;0;15;2374;31;18590075;0;5;0;0;0;0;0;0;0;0;0;0;0;0;0;0;0;20790502;0;7;0;2;294;0;0;0;0;0;0;33;0;0
SRR22402303;42;52;81;3340;957;206;286;0;614218;0;0;1;0;17;72;0;0;8;0;9;187;111;217;457624;34;185;568;0;152;161123;57261;35;21766;8;10498229;0;47692;0;0;0;2;0;0;0;0;0;0;0;0;0;0;0;11579112;4;79;2;8;636;0;0;0;0;0;0;117;0;0
SRR22402354;14;0;17;156;112;65;56;0;476273;0;1;1;0;0;4;0;0;3;0;0;7;36;155;260070;1;10;93;0;35;440314;23117;11;8448;21;8773893;0;1487;0;0;0;0;0;0;0;0;0;0;0;0;0;0;0;19284213;4;33;0;1;57;1;0;0;0;0;0;309;0;0
SRR22402380;6;0;1;70;0;2;4;0;811177;0;0;0;0;0;1;0;0;8;0;6;4;0;420;68637;0;0;3;0;0;721890;18;2;649;1;7444231;0;0;0;0;0;0;0;0;0;0;0;0;0;0;0;0;0;23516834;0;14;0;0;391;0;0;0;0;0;0;2056;6;0
SRR22402378;46;56;30;845;208;50;207;0;674435;0;20;0;0;0;7;0;0;15;1;23;23;18;976;637616;9;137;247;1;176;3322050;83682;28;16330;8;14928842;0;1329450;0;0;101;1;0;0;0;0;0;0;0;0;0;0;0;25535866;1;122;0;0;129;0;0;0;0;0;0;0;15;0
SRR22402301;28;68;26;109;197;18535;145;0;445017;0;5;0;1;0;4;9;0;1;0;121;41;19;453;558676;11;52;284;5;71;279158;539915;8;24959;4;13248095;0;188907;0;0;0;0;0;0;7;0;0;0;0;0;0;0;0;16067897;0;78;0;6;236;1;9;1;0;0;0;0;0;0
SRR22402333;13;0;6;136;24;0;19;0;318338;0;0;0;0;0;1;0;0;4;0;6;1;2;48;152881;0;68;13;0;3;265443;0;9;6007;3;9641545;0;111;0;0;0;1;0;0;0;0;0;0;0;0;0;0;0;21201557;0;10;0;1;65;0;0;0;0;0;5;36;0;0
SRR15595259;18;0;1;57;0;41;5;0;634185;0;0;0;0;0;0;1;0;0;1;330;0;0;142;41;0;17;11;0;0;814721;151;0;0;4;5530126;0;0;33;0;0;0;0;1;0;0;0;0;0;0;0;0;2;277275;0;8;0;1;166;0;0;0;0;0;0;28119;0;0
SRR22402256;48;0;4;114;22;0;72;0;489529;0;0;0;0;0;1;0;0;1;0;3;44;0;69;343653;0;62;16;0;15;2132489;5067;13;2711;95;16695136;0;4;0;0;0;0;0;0;0;0;0;0;0;0;0;0;0;14869264;1;39;0;0;96;1;0;1;0;0;0;0;0;0
SRR22402272;16;0;103;30443;82;16;64;0;2453990;0;0;1;0;13;108;0;0;0;2;17;236;0;982;2217763;1;231;270;0;24;2279170;790;35;2136;0;23487142;1;0;0;0;0;0;0;0;0;1;252;0;0;3;0;0;0;64901173;0;322;2;0;312;2;0;0;0;0;0;0;0;0
SRR22402260;66;0;30;184;128;10257;130;0;300396;0;2;0;0;0;9;0;0;0;0;13;10;9;171;639301;7;3;46;6;21;241341;158522;1;7042;832;11474228;0;283;0;0;0;0;0;0;0;0;0;0;0;0;0;0;0;10945242;0;34;0;5;121;0;0;1;0;0;0;0;0;0
SRR22402372;2;0;1;9410;204478;9034;8;0;1082120;0;1;0;0;0;1;0;0;0;1;279;1;214;337;754764;0;8;283;3;14;105921;193335;0;221;0;5826861;0;714;0;0;0;0;0;0;10;0;0;0;0;0;0;0;0;28592204;0;16;0;5;7;8;0;3;0;0;0;116;0;0
SRR15595332;0;0;0;0;0;3;2;0;14233;0;0;0;0;0;0;0;0;0;1;1;0;0;0;0;0;0;0;0;0;3061;0;2;0;0;9597;0;0;90;0;0;0;0;0;0;10;0;0;0;0;0;0;0;1748;0;0;0;0;0;0;0;0;0;0;0;0;0;0
SRR15595349;0;0;0;0;0;6;6;0;12935;0;0;0;0;0;0;0;0;0;0;5;0;0;0;0;0;0;0;0;0;2064;0;3;0;0;6727;1;0;117;0;0;0;0;0;0;4;0;0;0;0;0;0;0;56;0;0;0;0;0;0;0;0;0;0;0;0;0;0
SRR22402324;42;1;63;19;50;33790;76;0;410640;0;0;0;0;1;1;3;0;2;0;77;11;20;600;338549;0;14;155;3;31;631438;680;1;3941;31;12635173;0;72612;0;0;0;3;0;0;0;0;0;0;2;0;0;0;0;18830131;0;38;0;14;39;0;0;0;0;0;0;0;0;0
SRR22402279;25;0;18;77;76;293;235;0;272935;0;0;0;3;4;12;0;0;5;0;8;37;6;152;482463;17;404;75;0;60;271889;52534;31;1527;12;4329245;0;0;1;0;0;6;0;0;0;0;0;0;0;0;0;0;0;6158907;0;163;0;1;81;0;0;10;0;0;0;1;0;0
SRR15595273;39;0;4;78;53;57;14;1;325723;0;0;0;2;0;0;2;0;0;1;444;2;0;79;207;0;7;6;0;1;992400;52772;2;0;2;4829188;0;7;38;0;1;4;0;0;0;1;0;36;0;0;0;0;0;343965;0;10;1;0;113;0;0;0;0;0;0;8973;0;0
SRR22402286;23;0;34;101;240;8;78;0;339188;0;1;0;0;0;0;0;0;5;0;34;12;5;6209;543657;4;100;19;0;83;287488;176860;1;5207;234;9466359;0;549;0;0;0;0;0;0;0;0;0;0;0;0;0;0;0;17631523;0;185;1;0;496;1;0;1;0;0;0;0;0;0
SRR15595331;0;0;0;0;0;0;1;0;15924;0;0;0;0;0;0;0;0;0;0;7;0;0;0;0;0;0;0;0;0;3114;0;0;0;0;9301;1;0;101;0;0;0;0;0;0;18;0;0;0;0;0;0;0;973;0;0;0;0;0;0;0;0;0;0;0;0;0;0
SRR15595291;0;0;0;0;0;15;0;0;28266;0;0;0;0;0;0;0;0;0;1;11;0;0;0;3;0;0;0;0;0;8204;0;0;0;0;10698;0;0;51;0;0;0;0;0;0;0;0;0;0;0;0;0;0;2599;0;15;0;0;0;0;0;0;0;0;0;0;0;0
SRR15595330;1;0;1;14;49;142;6;0;148875;0;0;0;1;0;0;0;0;0;0;1850;2;0;13;114;1;3;8;0;6;449973;271;4;0;0;3737290;0;0;145;0;0;0;0;0;0;0;0;0;0;0;0;0;0;1127725;1;7;1;1;89;0;0;0;0;0;0;0;0;0
SRR22402383;11;1;0;133;8;12;18;0;484510;0;0;0;0;0;0;0;0;0;0;161;1;2;151;668418;3;3;9;0;1;741966;51;0;3266;9;4471303;0;0;0;0;0;0;0;0;0;1;0;0;0;0;0;0;0;16697814;0;3;0;0;135;0;0;0;0;0;0;2216;0;0
SRR22402262;110;14;68;295;464;544;556;0;476263;0;169;0;0;8;289;1;0;4;0;518;141;29;12282;1474785;1;1453;661;21;431;417902;665619;22;4515;653;11875949;0;569977;0;0;0;3;0;0;0;0;0;0;0;0;0;0;0;10964329;0;171;0;7;633;3;0;3;0;0;0;11;0;0
SRR22402316;112;0;14;979;68;113;48;1;116919;0;0;0;2;0;2;0;1;2;0;0;2;81;212;349263;8;56;32;0;21;65185;57075;7;9325;6;6542561;0;23262;0;0;0;2;0;0;0;0;0;0;0;0;0;0;0;18632789;0;56;0;4;107;0;0;0;0;0;0;0;0;0
SRR22402361;95;0;52;118;527;192;443;0;730817;0;12;0;0;2;19;0;0;13;1;43;42;14;860;663143;269;181;208;2;141;589734;1222428;12;6735;27;13037828;0;4305;0;0;0;1;0;0;0;0;0;0;0;0;0;0;0;13950008;0;272;0;32;76;1;0;1;0;0;0;20;0;0
SRR22402266;6;0;0;287;45;0;59;0;546451;0;0;0;1;0;0;0;0;2;1;33;1;0;100;288189;0;0;15;0;1;70097;2;0;2466;0;5802573;0;4;0;0;0;2;0;0;0;0;0;0;0;0;0;0;0;28475040;0;8;0;0;309;0;0;0;0;1;0;0;0;0
SRR22402331;16;0;0;4486;7;2;14;0;536962;0;0;0;0;0;0;0;0;0;1;2;0;0;903;229566;0;8;13;0;1;221236;172;0;445;0;8124478;0;2;0;0;0;1;0;0;0;0;0;0;0;0;0;0;0;34841638;1;14;0;0;201;0;0;0;0;0;0;0;0;0
SRR22402311;278;30;95;1182;12060;87032;595;0;222999;0;7;1;1;3;28;3854;0;9;1;92;183;19;525;601405;78;2263;367;13;280;136624;909153;184;11943;25;3928291;0;98756;0;0;2;0;0;0;12;0;0;0;0;0;0;0;0;9248642;1;484;1;1;0;0;0;0;0;0;0;0;0;0
SRR15595343;0;0;0;0;0;2;0;0;19212;0;0;0;0;0;0;0;0;0;1;5;0;0;0;1;0;0;0;0;0;4355;39;8;0;0;9094;0;0;78;0;0;0;0;0;0;0;0;5;0;0;0;0;0;33;0;0;0;0;0;0;0;0;0;0;0;0;0;0
SRR15595252;6;0;2;50;26;9561;15;0;80462;0;0;2;0;0;2;0;0;0;1;13;0;12;7;291;1;15;23;0;1;58021;40405;0;0;0;1988684;0;14;102;0;0;0;0;0;0;0;0;1;0;0;0;0;0;3645017;0;13;1;0;0;0;0;0;0;0;0;0;0;0
SRR15595344;0;0;0;0;0;4;1;0;3950;0;0;0;0;0;0;0;0;0;0;1;0;0;0;0;0;0;0;0;0;1141;0;0;0;0;3746;0;0;0;0;0;0;0;0;0;0;0;0;0;0;0;0;0;57;0;0;0;0;0;0;0;0;0;0;0;0;0;0
SRR22402337;3;0;0;71730;13;0;141;1;953676;0;0;0;0;0;1;0;0;0;0;18;0;0;1;174275;0;3;0;0;0;219191;0;0;483;81;6194549;0;0;0;0;0;0;0;0;0;0;0;0;0;0;0;0;0;21032684;0;1;0;0;96;0;0;0;0;0;0;0;0;0
SRR15595346;0;0;0;0;0;0;0;0;9309;0;0;0;0;0;0;0;0;0;1;0;0;0;0;0;0;0;0;0;0;2065;0;8;0;0;4330;1;0;54;0;0;0;0;0;0;2;0;0;0;0;0;0;0;166;0;0;0;0;0;0;0;0;0;0;0;0;0;0
SRR15595297;11;0;6;7;24;118;12;2;57469;0;17;0;0;0;0;0;0;0;2;0;2;0;1;777;8;7;38;0;10;185576;661849;2;0;0;2247501;0;394;122;0;0;0;0;0;0;0;0;1;0;0;0;0;0;2540728;0;37;3;1;113;0;0;0;0;0;0;230;0;0
SRR22402376;34;99;105;447;1906;133;65;0;672622;0;0;1;0;0;4;0;0;8;1;4;13;21;1713;361012;3;42;143;7;53;226694;516421;1;15436;2;8899476;0;826;0;0;0;0;0;0;37;0;0;0;0;0;0;0;0;21309136;1;95;0;1;44;0;0;0;0;0;0;0;0;0
SRR22402345;61;18;29;328;3977;50251;294;1;616646;0;0;0;1;3;32;0;0;4;8;0;58;23;4404;1247929;5;175;114;11;305;998558;148205;51;6208;14;9560894;0;145415;0;0;0;0;0;1;69;0;0;0;0;0;0;0;0;9917877;9;73;0;117;34;0;0;0;0;0;0;0;0;0
SRR22402257;51;0;400;154;552;216393;165;0;1166305;0;0;1;0;0;44;0;0;2;1;111;74;0;5266;1197674;2;39;547;1;91;831460;859;86;8772;17;13712901;0;66847;0;0;0;0;0;0;0;0;0;0;0;0;0;0;0;16552703;3;51;0;107;231;47;0;0;0;0;0;11;0;0
SRR15595326;0;0;0;0;0;0;0;0;6786;0;0;0;0;0;0;0;0;0;0;1;0;0;0;0;0;0;0;0;0;1179;5;0;0;0;3641;0;0;25;0;0;0;0;0;0;1;0;0;0;0;0;0;0;38;0;0;0;0;0;0;0;0;0;0;0;0;0;0
SRR22402338;44;0;16;520;123;0;75;0;835430;0;2;1;0;0;3;0;0;7;2;167;5;25;2217;613398;4;13;77;1;61;2823176;234;5;6251;51;17541901;0;35887;0;0;0;0;0;0;0;0;0;0;0;0;0;0;0;26225674;1;48;0;0;823;0;0;0;0;0;0;0;0;0
SRR15595265;6;0;4;60;1;33;4;0;248571;0;31;0;1;0;1;0;0;0;0;487;1;0;0;23;0;5;3;0;1;245976;848;0;0;0;3839215;0;0;43;0;0;1;0;0;0;0;0;0;0;0;0;0;0;70112;0;3;0;0;0;2;0;0;0;0;0;163;0;0
SRR15595309;2;0;0;35;0;87;0;0;169431;0;0;1;0;0;0;0;0;0;2;14;0;0;1;6234;0;4;1;0;0;100271;513;0;1;0;1611377;0;12;49;0;0;0;0;0;0;0;0;0;0;0;0;0;0;2161960;0;2;0;0;51;0;0;0;0;0;0;0;0;0
SRR15595281;4;0;0;33;2;70;6;0;128074;0;11;0;0;0;0;0;0;0;1;59;2;0;2;6311;0;4;3;0;2;790611;1626;1;0;0;2324756;0;0;38;0;0;0;0;0;0;0;0;4;0;0;0;0;0;14739683;0;5;0;0;98;0;0;0;0;0;0;0;0;0
SRR22402307;10;0;17;478;36;3;16;2;254809;0;0;0;0;2;15;0;0;5;0;7;65;0;43;150471;0;6;68;0;5;298620;440;2;1731;1;6332860;0;3;0;0;0;0;0;0;0;0;0;0;0;0;0;0;0;12949186;0;12;0;1;118;0;0;0;0;0;0;0;0;0
SRR22402318;24;15;12;1643;11393;3915;343;0;591777;0;21;0;4;2;4;0;0;2;0;127;175;8;5183;538107;5;212;54;1;40;136196;279;25;5505;29;10723074;0;1522;0;0;0;0;0;0;12;0;0;0;0;0;0;0;0;12181043;0;419;0;1;3104;0;0;1;0;0;0;0;0;0
SRR22402323;107;93;44;505;517;23756;840052;1;193022;0;18;0;1;0;50;118;0;99;2;132;97;10;1840;591150;18;932;335;7;147;602670;3615;54;27923;71;12041287;0;284626;0;0;0;4;0;0;113;0;0;0;1;0;0;0;0;18453952;2;358;0;10;570;10;3;0;2;0;0;0;0;0
SRR15595263;0;0;0;0;0;0;0;0;17866;0;0;0;0;0;0;0;0;0;0;1;0;0;0;0;0;0;0;0;0;2792;2;2;0;0;9343;0;0;85;0;0;0;0;0;0;15;0;0;0;0;0;0;0;173;0;0;0;0;0;0;0;0;0;0;0;0;0;0
SRR22402299;93;35;59;750;5332;53682;584;1;744487;0;0;2;2;12;42;1391;0;10;22;35;65;313;2060;1597536;61;1575;210;2;332;1670191;81707;93;18173;29;15971559;0;36756;0;0;0;23;0;0;779;1;0;0;0;0;0;0;0;16847594;16;609;2;20;278;0;0;14;0;0;0;0;0;0
SRR22402336;34;0;14;1015;19;0;18;0;250784;0;0;0;0;0;0;0;0;4;0;0;1;0;1364;123898;0;3;2;0;10;486933;2;0;5366;1;5572578;0;1;0;0;0;0;0;0;0;0;0;7;0;0;0;0;0;10582718;0;35;0;0;14;0;0;0;0;0;0;0;0;0
SRR15595338;1;0;0;0;0;8;0;0;17772;0;0;0;0;0;0;0;0;0;0;3;0;0;0;0;0;0;0;0;0;2659;0;0;0;0;9169;0;0;51;0;0;0;0;0;0;1;0;0;0;0;0;0;0;58;0;0;0;0;0;0;0;0;0;0;0;0;0;0
SRR22402290;27;0;42;258;179;67;204;0;575152;0;3;0;0;0;8;0;0;7;0;119;199;0;210;505851;36;331;154;0;44;1315820;52554;5;6747;45;5155292;0;66508;0;0;0;0;0;0;0;1;0;0;0;0;0;0;0;11965113;1;76;0;4;0;0;0;0;0;0;0;0;0;0
SRR15595283;41;0;21;18;926;25698;22;4;297565;0;2;2;4;0;1;0;0;0;1;5;2;7;17;317;23;35;102;0;23;1119439;14242;5;0;0;6249793;0;540;156;0;1;0;0;1;0;0;0;0;0;0;0;0;0;1289727;0;22;0;1;77;2;0;0;0;0;0;99;0;0
SRR22402305;42;0;14;95;27;9;41;0;35727;0;1;0;0;0;1;0;0;1;4;41;3;2;63;164511;4;18;44;0;1;925235;131;135;1324;16;13015642;0;0;0;0;0;0;0;0;0;0;0;0;0;0;0;0;0;13529889;0;290;0;0;0;0;0;0;0;0;0;30;1;0
SRR15595350;35;10;19;102;599;16680;40;0;243621;0;0;0;0;0;1;0;0;0;4;0;69;0;15;124;13;20;147;1;9;763270;345144;21;177;0;2842220;0;47;72;0;1;0;0;0;0;0;0;0;0;0;0;0;0;1345656;1;36;0;11;60;0;0;0;0;0;0;0;0;0
SRR22402341;20;0;2;24;16;6;48;2;1193537;0;8;1;0;0;0;0;0;24;0;1;2;0;1039;243571;1;3;9;0;3;1376870;125;9;2397;2;14293175;0;0;0;0;0;1;0;0;0;0;0;0;0;0;0;0;0;16996078;1;21;0;0;121;0;0;0;0;0;0;0;0;0
SRR22402255;36;0;6;153;404;0;60;0;188730;0;8;0;0;2;11;0;0;3;0;245;80;41;237;533425;40;88;97;0;28;516269;101355;7;3662;64;7252717;0;15;0;0;0;10;0;0;63;0;0;0;0;0;0;0;0;18231123;2;129;0;68;129;1;0;0;0;0;0;0;0;0
SRR22402359;68;0;54;886;12935;64751;220;0;512700;0;1;1;0;0;0;0;0;6;7;5;4;79;346;666059;165;91;201;1;115;464347;559375;11;2474;3;9940564;0;31642;0;0;0;0;0;0;0;0;0;0;0;0;0;0;0;10709204;0;215;0;8;118;0;0;0;0;0;0;0;0;0
SRR15595301;43;7;6;172;144;85;148;1;160057;2;42;0;2;0;2;0;0;0;0;1322;6;4;18;3188;43;150;135;0;77;459953;470716;55;0;0;5127683;0;24;193;0;0;7;0;0;0;0;0;0;0;0;0;0;0;1280930;0;61;1;13;32;0;0;0;0;0;0;3;0;0
SRR22402287;114;245;46;552;2675;91633;361;1;1453193;0;33;2;12;0;55;0;0;4;2;35;61;48;3718;979103;107;996;510;0;260;584015;340972;123;57067;236;14178665;1;44780;0;0;0;0;0;0;0;0;0;0;0;0;0;0;0;18060870;1;474;0;13;61;1;0;0;0;0;0;69;6;0
SRR22402325;32;173;61;271;207;22;366;3;456495;0;6;0;0;0;4;32;0;2;8;377;78;0;3439;873639;5;29;46;1;84;561021;184;35;74096;12;20710528;0;1247;0;0;0;8;0;0;0;0;0;2;0;0;0;0;0;39682450;3;280;0;92;1010;0;19;3;0;0;0;264;0;0
SRR15595250;10;0;2;128;4;273;46;7;184663;0;0;0;0;0;1;0;0;0;1;56;0;1;4;262;3;11;5;0;5;1115985;1291364;2;0;0;16306031;0;0;161;0;0;0;0;2;0;0;0;0;0;0;0;0;0;321493;0;108;0;0;143;1;0;0;0;0;0;57;0;0
SRR15595285;31;0;15;46;98;473;69;1;67453;2;11;0;0;0;1;0;0;0;0;2024;8;6;18;3528;7;23;136;0;90;444555;350537;7;0;0;6422081;0;31;256;0;0;0;0;1;0;0;0;1;0;0;0;0;0;1348330;6;40;2;0;92;0;0;0;0;0;0;96;0;0
SRR22402258;8;0;4;263;2036;7838;137;0;236266;0;1;0;0;0;0;0;0;2;0;23;4;0;1691;147550;1;38;14;0;7;173289;114;4;1320;0;4155821;0;0;0;0;0;0;0;0;0;0;0;0;0;0;0;0;0;14273298;0;42;0;1;21;0;0;0;0;0;0;0;0;0
SRR15595348;0;0;0;0;0;0;0;0;7957;0;0;0;0;0;0;0;0;0;0;0;0;0;0;0;0;1;0;0;0;1842;0;2;0;0;5664;0;0;37;0;0;0;0;0;0;1;0;0;0;0;0;0;0;1718;0;0;0;0;0;0;0;0;0;0;0;0;0;0
SRR22402339;65;6;22;414;180;13444;262;0;932279;0;2;0;0;37;139;0;0;6;5;11;363;65;1343;592551;12;232;349;0;31;457188;207;107;7798;2;17233172;0;6;0;0;0;12;0;0;7;0;0;0;0;0;0;0;0;13769626;0;189;0;5;1280;0;0;0;0;0;0;0;0;0
SRR22402340;48;0;34;584;109;58;84;0;949322;0;0;0;1;0;5;0;0;11;0;21;9;28;3956;360228;2;16;122;2;6;812340;1378;40;4462;249;10019281;0;18547;0;0;0;0;0;0;0;0;0;0;1;0;0;0;0;18749011;1;57;0;0;694;0;0;0;0;0;0;421;0;0
SRR22402375;1;0;1;180;2;1;5;1;577454;0;0;1;1;0;0;0;0;1;0;22;2;0;433;104607;0;2;1;0;1;307883;139;0;1525;0;3974326;0;0;0;0;0;0;0;0;0;0;0;0;0;1;0;0;0;18609819;0;15;0;0;369;0;0;0;0;0;0;15;0;0
SRR22402385;104;7;102;53;578;102167;216;0;1641087;0;20;2;0;0;4;5;0;7;4;15;178;3;609;641879;68;546;247;0;298;756151;670927;22;11467;4;31948793;0;0;0;0;1;6;0;0;39;0;0;1;0;0;0;0;0;26382032;6;154;0;24;1140;5;1;0;0;0;0;0;0;0
SRR22402274;21;0;3;35;20;2;43;2;2342827;0;0;0;0;0;0;0;0;0;0;98;0;0;199;169277;2;13;4;0;4;2096134;12;1;9349;1;13653678;0;0;0;0;0;0;0;0;0;0;0;0;0;0;0;0;0;8908282;0;6;0;1;0;0;0;0;0;0;0;9;0;0
SRR22402330;20;0;55;13441;233;188;136;0;485073;0;0;0;0;1;16;0;0;10;0;110;5;40;1513;657587;123;529;213;52;267;167355;647;107;8432;10;9056458;0;0;0;0;1;0;0;0;0;0;0;0;0;0;0;0;0;19046271;0;91;0;1;241;0;0;0;0;0;0;0;0;0
SRR22402327;69;0;13;288;3702;31021;83;0;342276;0;2;0;0;3;13;1;0;1;0;3;44;14;270;297510;32;78;104;0;8;172757;181606;2;4790;74;9058711;0;40044;0;0;0;8;0;0;0;0;0;0;0;0;1;0;0;12692662;0;60;0;11;186;7;0;0;0;0;0;0;0;0
SRR15595340;0;0;0;0;0;5;4;0;14116;0;0;0;0;0;0;0;0;0;0;2;0;0;25;2;0;0;0;0;0;3031;48;0;0;0;7139;0;3;44;0;0;0;0;0;0;1;0;43;0;0;0;0;0;216;0;77;0;0;0;0;0;0;0;0;0;0;0;0
SRR22402308;413;1;226;2872;293433;157143;425;0;663698;0;1;3;7;0;10;0;0;13;15;60;79;272;11105;1574457;805;1190;3752;4;317;4727203;695558;94;5691;1;12742926;0;2201;0;0;1111;0;0;0;0;0;0;1;4;0;0;0;0;11873159;0;400;0;1;125;2;0;1;0;0;0;0;0;0
SRR22402360;33;7;10;406;69;151;562;23;358860;0;1;0;0;9;42;0;0;26;3;202;62;59;712;897544;52;1028;92;1;16;191039;120514;20;7969;0;9782043;0;21;0;0;0;0;0;0;0;0;0;0;0;0;0;0;0;14404041;3;192;0;2;21;3;0;0;0;0;0;0;0;0
SRR15595261;2;0;1;11;4;0;4;1;164937;0;0;0;0;0;0;0;0;0;0;9;1;0;0;101;0;2;6;0;12;506057;45;0;0;0;1794530;0;0;0;0;0;0;0;0;0;0;0;1;0;0;0;0;0;1542825;0;1;2;4;0;0;0;0;0;0;0;0;0;0
SRR15595319;14;0;0;123;3;4;29;0;37903;0;0;0;0;0;1;0;0;0;0;23;1;0;11;200;0;3;4;0;4;967121;645;0;2;0;3546650;0;0;85;0;0;0;0;1;0;0;0;1;0;0;0;0;0;52449;0;5;0;0;42;0;0;0;0;0;0;0;0;0
SRR15595313;50;15;10;140;49;28;64;6;35218;0;0;0;0;0;2;0;0;0;7;14;1;0;2;1236;34;33;140;1;48;2152275;16351;16;1;0;5634891;0;145;79;0;0;0;0;0;0;0;0;0;0;0;0;0;0;2162621;1;19;1;0;492;0;0;0;0;0;0;2;0;0
SRR15595307;9;0;3;68;3;102;11;0;1895018;0;0;0;0;0;1;0;0;0;1;2572;2;1;0;358;2;10;11;0;4;3410219;391;1;0;0;6008085;0;0;38;0;1;0;0;0;0;0;0;0;0;0;0;0;0;542892;0;1;0;1;105;0;0;0;0;0;0;10332;0;0
SRR15595341;13;0;0;8;16;19419;11;0;181600;0;0;0;0;0;0;0;0;0;0;401;0;6;2;122;0;11;15;0;4;1756521;9061;7;0;0;2416962;0;8;83;0;0;0;0;1;0;0;0;0;0;0;0;0;0;895959;0;6;0;2;0;0;0;0;0;0;0;127;0;0
SRR22402291;60;21;46;29963;366;141;938;2;972806;0;518;1;9;11;26;0;0;12;2;27;13;59;361;1705312;16;86;211;2;237;361893;5032;190;27551;0;16558449;0;700464;0;0;0;0;0;0;0;0;0;1;0;0;0;0;0;33609010;2;621;2;7;137;0;0;16;0;0;0;0;0;0
SRR15595333;0;0;0;0;0;20;0;0;15920;0;0;0;0;0;0;0;0;0;1;2;0;0;0;1;0;0;0;0;0;3346;12;3;0;0;7518;0;0;76;0;0;0;0;0;0;2;0;0;0;0;0;0;0;108;0;0;0;0;0;0;0;0;0;0;0;0;0;0
SRR15595320;0;0;0;0;0;8;0;0;22665;0;0;0;0;0;0;0;0;0;0;4;0;0;0;0;0;0;0;0;0;3767;42;0;0;0;12315;0;0;81;0;0;0;0;0;0;2;0;3;0;0;0;0;0;55;0;0;0;0;0;0;0;0;0;0;0;0;0;0
SRR22402315;60;101;101;397;193;78646;221;0;157490;0;2;0;0;0;6;0;0;3;0;211;40;18;2463;469786;2;3455;377;1;20;291940;628445;4;24717;2;4928996;0;80332;0;1;0;0;0;0;0;0;0;0;0;0;0;0;0;5920967;0;205;0;0;152;0;0;0;0;0;0;1;0;0
SRR22402363;45;0;20;54;52;21;73;0;632533;0;0;0;0;0;0;0;0;0;0;30;12;18;28;648977;0;22;1;0;36;1481801;324203;10;4160;367;5763274;0;982;0;0;0;5;0;0;0;0;0;0;0;0;0;0;0;10428779;0;40;0;4;5;0;0;0;0;0;0;0;0;0
SRR22402328;5;1;1;743;83;2;36;0;378558;0;0;0;0;0;0;0;0;9;1;28;10;37;226;427592;0;21;31;0;102;1567075;151;2;2568;2;15717142;0;165;0;0;0;8;0;0;0;0;0;0;0;0;0;0;0;24584561;1;53;0;0;24;0;0;0;0;0;0;0;0;0
SRR22402366;97;0;7;51;3623;52;113;0;469746;0;2;0;0;0;17;0;0;3;0;3;46;14;4502;603537;2;281;123;0;116;228376;1507;3;4613;3;12713499;0;14117;0;0;1;0;0;0;0;0;0;0;0;0;0;1;0;25821651;0;144;0;7;53;0;0;7;0;0;0;0;0;0
SRR15595323;0;0;0;0;0;8;0;0;9261;0;0;0;0;0;0;0;0;0;0;4;0;0;0;0;0;0;0;0;0;2032;0;0;0;0;9663;0;0;46;0;0;0;0;0;0;0;0;0;0;0;0;0;0;3453;0;0;0;0;0;0;0;0;0;0;0;0;0;0
SRR15595275;38;0;6;89;23;24;8;0;134914;0;3;0;0;0;0;0;0;0;0;3;1;0;177;323;0;5;28;0;8;243866;308;3;4;1;3563775;0;87;17;0;0;0;0;0;0;0;0;3;1;0;0;0;0;4143862;0;117;1;41;20;0;0;0;0;0;0;0;0;0
SRR22402351;64;103;77;165;116;126669;207;0;584484;0;0;0;2;0;10;0;0;10;2;12;16;25;254;417025;44;148;169;7;147;207057;491120;14;16993;2;7975748;0;206105;1;0;38;4;0;0;79;0;0;0;0;0;0;0;0;22966086;0;194;0;17;229;2;0;0;0;0;0;0;0;0
SRR15595287;0;0;0;0;0;2;1;0;7460;0;0;0;0;0;0;0;0;0;0;0;0;0;0;0;0;0;0;0;0;1370;2;0;0;0;4192;0;0;0;0;0;0;0;0;0;1;0;0;0;0;0;0;0;178;0;0;0;0;0;0;0;0;0;0;0;0;0;0
SRR15595334;0;0;0;0;0;7;0;0;25945;0;0;0;0;0;0;0;0;0;0;0;0;0;0;0;0;0;0;0;0;3455;0;8;0;0;10903;1;0;76;0;0;0;0;0;0;0;0;0;0;0;0;0;0;94;0;0;0;0;0;0;0;0;0;0;0;9;0;0
SRR22402362;28;0;24;757;1192;32607;65;0;600739;0;0;0;0;0;0;0;0;3;1;15;0;0;2439;131683;0;9;4;0;5;952509;7951;3;4458;3;10544610;0;13;0;0;0;0;0;0;5;0;0;0;0;0;0;0;0;9330532;0;24;0;0;101;0;0;0;0;0;0;0;0;0
SRR22402357;26;0;30;121;130;38681;41;0;347181;0;16;0;0;2;1;0;0;2;0;4;11;111;745;516023;4;7;148;3;75;821406;580981;5;1184;2;8082304;0;17;0;0;0;0;0;0;0;0;0;0;1;0;0;0;0;13631573;0;26;0;0;329;1;0;0;0;0;0;0;0;0
SRR22402334;20;0;23;10954;173;204;88;0;7557242;0;10;0;0;0;3;0;0;0;0;17;0;0;122;226521;1;244;14;0;8;220949;91;4;1801;25;7197109;0;15793;0;0;0;1;0;0;0;0;0;14;0;0;0;0;0;13287554;0;22;0;0;1272;0;0;0;0;0;0;204;0;0
SRR15595325;0;0;0;0;0;2;0;0;1277;0;0;0;0;0;0;0;0;0;0;10;0;0;0;0;0;0;0;0;0;361;0;0;0;0;599;0;0;0;0;0;0;0;0;0;0;0;0;0;0;0;0;0;532;0;0;0;0;0;0;0;0;0;0;0;0;0;0
SRR22402373;6;0;1;38;36;59;146;0;1139337;0;0;0;0;0;0;0;0;0;0;42;0;0;1728;419388;2;10;3;0;1;202965;1609792;1;630;184;11048213;0;6;0;0;0;0;0;0;0;0;0;0;0;0;0;0;0;29465170;0;82;0;0;595;0;0;0;0;0;0;0;3;0
SRR15595322;0;0;0;0;0;9;1;0;10334;0;0;0;0;0;0;0;0;0;0;2;0;0;0;0;0;0;0;0;0;1861;0;1;0;0;4926;0;0;0;0;0;0;0;0;0;1;0;0;0;0;0;0;0;163;0;0;0;0;0;0;0;0;0;0;0;0;0;0
SRR15595328;0;0;0;0;0;0;0;0;5589;0;0;0;0;0;0;0;0;0;0;0;0;0;0;0;0;0;0;0;0;1104;0;5;0;0;1404;0;0;40;0;0;0;0;0;0;0;0;0;0;0;0;0;0;148;0;0;0;0;0;0;0;0;0;0;0;0;0;0
SRR22402294;12;1;4;103;9;5;13;0;242266;0;0;0;0;0;1;0;0;0;0;299;2;0;8900;1564200;1;15;12;0;30;490611;42620;0;5362;66;8654259;0;2;0;0;0;14;0;0;0;0;0;0;0;0;0;0;0;16051561;1;13;0;0;241;0;0;0;0;0;0;9;0;0
SRR15595318;0;0;0;0;0;4;0;0;19429;0;0;0;0;0;0;0;0;0;0;0;0;0;0;0;0;0;0;0;0;4066;0;1;0;0;10518;0;0;109;0;0;0;0;0;0;1;0;0;0;0;0;0;0;275;0;0;0;0;0;0;0;0;0;0;0;0;0;0
SRR15595327;0;0;0;0;0;5;0;0;7382;0;0;0;0;0;0;0;0;0;0;0;0;0;0;0;0;0;0;0;0;1274;0;0;0;0;3207;0;0;19;0;0;0;0;0;0;9;0;0;0;0;0;0;0;487;0;0;0;0;0;0;0;0;0;0;0;0;0;0
SRR15595299;0;0;0;0;0;6;0;0;7745;0;0;0;0;0;0;0;0;0;0;0;0;0;0;0;0;0;0;0;0;1910;0;0;0;0;5427;0;0;112;0;0;0;1;0;0;0;0;0;0;0;0;0;0;49;0;0;0;0;0;0;0;0;0;0;0;0;0;0
