Sample;Caniformia;Apogonoidei;Dendrobranchiata;Myomorpha;Auchenorrhyncha;Pleocyemata;Brachycera;Tylopoda;Haplorrhini;Siluroidei;Lepidosirenoidei;Nematocera;Cryptodira;Ruminantia;Feliformia;Cyprinoidei;Megachiroptera;Apocrita;Whippomorpha;Apiineae;Incirrata;Sciuromorpha;Heteroptera;Microchiroptera;Sternorrhyncha;Suina;Hemerobiiformia;Anoplura;Senticaudata;Strepsirrhini;Caelifera;Acipenseroidei;Adrianichthyoidei;Tylenchina;Castorimorpha;Characoidei;Glossata;Gobioidei;Araneomorphae;Pulicomorpha;Folivora;Chloroflexineae;Sorangiineae;Cystobacterineae;Nannocystineae;Tornidovirineae;Roseiflexineae
SRR15595321;0;0;0;0;0;0;0;0;23970566;0;0;0;0;0;0;0;0;0;0;0;0;0;0;0;0;0;0;0;0;0;0;0;0;0;0;0;0;0;0;0;0;0;0;0;0;0;0
SRR15595249;0;0;0;123;0;0;0;0;319;0;0;0;0;0;0;0;0;0;0;0;0;0;0;0;0;0;0;0;0;0;0;0;0;0;0;0;0;0;0;0;0;0;1;28;6;0;0
SRR22402358;0;0;5;0;0;0;0;0;4009;0;0;0;0;0;0;0;0;0;0;0;0;0;0;0;0;0;0;0;0;0;0;0;0;0;0;0;0;0;0;0;0;0;2;0;0;0;0
SRR22402261;0;0;4;0;0;0;0;0;13513;0;0;0;0;0;0;1;0;0;0;0;0;0;0;0;0;0;0;0;0;0;0;0;0;0;0;0;0;0;0;0;0;0;0;79;0;0;0
SRR22402276;14;0;0;0;0;0;2;0;8173;0;32;0;0;0;1;0;0;0;0;0;0;0;0;1;0;0;0;0;0;0;0;0;0;0;0;0;0;0;0;2;0;0;14;0;0;0;0
SRR22402269;0;0;17;1;0;0;0;0;18691;0;0;0;0;0;2;0;0;0;0;0;0;0;0;0;0;0;3;0;0;0;0;0;0;0;0;0;0;0;0;0;0;0;1;27;0;0;0
SRR15595311;0;0;0;0;0;0;0;0;23845;0;0;0;0;0;0;0;0;0;0;0;0;0;0;0;0;0;0;0;0;0;0;0;0;0;0;0;0;0;0;0;0;0;1;0;1;0;0
SRR15595256;0;0;0;0;0;0;0;0;20415321;0;0;0;0;0;0;0;0;0;0;0;0;0;0;0;0;0;0;0;0;0;0;0;0;0;0;0;0;0;0;0;0;0;0;0;0;0;0
SRR22402370;0;0;0;0;0;0;0;0;16809;0;0;0;0;0;0;0;0;0;0;0;0;0;0;0;0;0;0;0;0;0;0;0;0;0;0;0;0;0;0;0;0;0;105;23;0;0;0
SRR15595269;0;0;0;0;0;0;0;0;4550;0;0;0;0;0;0;0;0;0;0;0;0;0;0;0;0;32;0;0;3;0;0;0;0;0;0;0;0;0;0;0;0;0;0;0;2;0;0
SRR22402364;0;0;0;4;0;0;96;0;15630;0;0;0;0;0;0;0;0;0;0;0;0;0;0;0;0;0;0;0;0;0;0;0;0;0;0;0;0;0;0;0;0;0;10;7;0;0;0
SRR15595246;0;0;0;138;0;0;0;0;1902;0;0;0;0;0;0;1;0;0;0;0;0;0;0;0;0;0;0;0;0;0;0;0;0;0;0;0;0;0;0;0;0;0;0;44;3;0;0
SRR22402346;0;0;32;0;0;0;0;0;4235;0;0;0;0;0;0;0;0;0;0;0;0;0;0;0;0;0;0;0;0;0;0;0;0;0;0;0;0;0;0;0;0;0;0;74;0;0;0
SRR22402298;0;0;0;0;0;0;0;0;1485674;0;0;0;0;0;0;0;0;0;0;0;0;0;0;0;0;0;0;0;0;0;0;0;0;0;0;0;0;0;0;0;0;0;27;73;0;0;0
SRR22402270;0;0;0;0;0;0;3;0;12025;0;0;0;0;169;62;0;0;0;0;0;0;0;0;0;1;0;0;0;0;0;0;0;0;0;0;0;0;0;0;0;0;6;5;63;0;0;0
SRR22402296;0;0;0;2;0;0;0;0;38150;0;0;0;0;0;0;0;0;0;0;0;0;0;3;0;0;0;0;0;0;0;0;0;0;0;0;0;0;0;0;0;0;1;22;53;0;0;0
SRR22402302;0;0;0;1;0;0;1;0;8687;0;0;0;0;0;0;0;0;0;0;0;0;0;0;0;1;0;0;0;0;0;0;0;0;0;0;0;1;0;0;0;0;0;0;0;0;0;0
SRR22402288;4;0;0;0;0;0;0;0;34328;0;0;0;0;0;120;0;0;0;0;0;0;0;0;0;0;0;0;0;0;0;0;0;0;0;0;0;0;0;2;0;0;0;15;0;0;0;0
SRR22402284;2;0;0;0;0;0;0;0;79036;0;0;3;0;0;0;0;0;0;0;0;0;0;0;0;0;0;0;0;0;0;0;0;0;0;0;0;0;0;0;0;0;0;0;0;0;0;0
SRR22402382;6;0;0;0;0;0;0;0;96495;0;0;0;0;0;38;0;0;0;0;0;0;0;0;1;0;0;0;0;0;0;0;0;0;0;0;0;0;0;0;0;0;1;0;123;0;0;0
SRR15595271;0;0;0;35;0;0;0;0;1158;0;0;0;0;0;0;0;0;0;0;0;0;0;0;0;0;0;0;0;0;0;0;0;0;0;0;0;0;0;0;0;0;1;1;8;7;0;0
SRR22402329;0;0;0;0;0;0;0;0;9036;0;0;0;0;0;1;0;0;0;0;0;0;0;0;0;0;0;0;0;0;0;0;0;0;0;0;0;0;0;0;0;0;0;6;8;0;0;0
SRR15595247;0;0;0;0;0;0;0;0;7280033;0;0;0;0;0;0;0;0;0;0;0;0;0;0;0;0;0;0;0;0;0;0;0;0;0;0;0;0;0;0;0;0;0;0;0;0;0;0
SRR22402348;1;0;0;1;0;0;0;0;4470;0;0;0;0;0;2;0;0;0;0;0;0;0;0;0;0;0;0;0;0;0;0;0;0;0;0;0;0;0;0;0;0;0;0;0;0;0;0
SRR22402283;0;0;0;0;0;0;0;0;134604;0;0;0;0;0;0;0;0;0;2;0;0;0;0;0;0;0;0;0;0;0;0;0;0;0;0;0;0;0;0;0;0;0;0;9;4;0;0
SRR15595342;0;0;0;0;0;0;0;0;7599151;0;0;0;0;0;0;0;0;0;0;0;0;0;0;0;0;0;0;0;0;0;0;0;0;0;0;0;0;0;0;0;0;0;0;0;0;0;0
SRR15595289;0;0;0;0;0;0;0;0;24595;0;0;0;0;0;0;0;0;0;0;0;0;0;0;0;0;0;0;0;0;0;0;0;0;0;0;0;0;0;0;0;0;0;0;2;3;0;0
SRR22402278;0;0;0;1;0;0;0;0;157478;0;0;0;0;0;0;0;0;0;0;0;0;0;0;0;0;0;0;0;0;0;0;0;0;0;0;0;0;0;0;0;0;6;69;726;0;0;0
SRR22402265;0;0;0;0;0;0;0;0;379754;0;0;0;0;0;0;0;0;0;0;0;0;0;0;0;0;0;0;0;0;0;0;0;0;0;0;0;0;0;0;0;0;0;29;32;0;0;0
SRR22402281;0;0;0;0;0;0;0;0;106725;0;0;0;0;0;15;0;0;0;0;0;0;0;0;0;0;0;0;0;0;0;0;0;0;0;0;0;0;0;0;0;0;1;0;90;0;0;0
SRR15595324;0;0;0;0;0;0;0;0;20795304;0;0;0;0;0;0;0;0;0;0;0;0;0;0;0;0;0;0;0;0;0;0;0;0;0;0;0;0;0;0;0;0;0;0;0;0;0;0
SRR22402280;0;0;0;0;0;0;0;0;23084;0;0;0;2;0;0;0;0;0;0;0;0;1;0;0;0;0;0;0;0;0;0;0;0;0;5;0;0;0;0;0;0;0;131;151;0;0;0
SRR22402275;0;0;7;0;0;0;0;0;32899;0;0;0;0;0;0;0;0;0;0;0;0;0;0;0;0;0;0;0;0;0;0;0;0;0;0;0;0;0;0;0;0;2;4;0;0;0;0
SRR15595337;0;0;0;0;0;0;0;0;7793832;0;0;0;0;0;0;0;0;0;0;0;0;0;0;0;0;0;0;0;0;0;0;0;0;0;0;0;0;0;0;0;0;0;0;0;0;0;0
SRR15595251;0;0;0;0;0;0;0;0;6836716;0;0;0;0;0;0;0;0;0;0;0;0;0;0;0;0;0;0;0;0;0;0;0;0;0;0;0;0;0;0;0;0;0;0;0;0;0;0
SRR22402285;0;0;0;3;0;0;0;0;36626;0;0;0;0;0;0;1;1;0;0;0;0;0;0;2;0;0;0;0;0;0;0;0;0;0;0;0;0;0;0;0;0;0;8;155;1;0;0
SRR15595352;0;0;0;0;0;0;0;0;6464266;0;0;0;0;0;0;0;0;0;0;0;0;0;0;0;0;0;0;0;0;0;0;0;0;0;0;0;0;0;0;0;0;0;0;0;0;0;0
SRR22402254;0;0;0;0;0;0;0;0;33493;0;0;0;0;0;0;0;0;0;0;0;0;0;0;0;0;0;0;0;0;0;0;0;0;0;0;0;0;0;0;0;0;0;4;131;0;0;0
SRR22402347;0;0;0;0;0;0;0;0;8401;0;0;0;0;0;0;0;0;0;0;0;0;0;0;0;0;0;0;0;0;0;0;0;0;0;0;0;0;0;0;0;0;1;2;26;0;0;0
SRR22402277;0;0;24;0;0;0;5;0;58489;0;0;0;2;0;10;0;0;0;0;3;0;0;0;2;0;0;0;0;0;0;0;0;0;0;0;0;0;0;0;0;0;2;0;135;0;0;0
SRR22402292;0;0;0;0;0;0;0;0;3895;0;0;0;0;0;0;0;0;0;0;0;0;0;0;0;0;40;0;0;0;0;0;0;0;0;0;0;0;0;0;0;0;0;0;1;1;0;0
SRR22402374;0;0;10;0;0;0;1;0;13191;0;0;0;2;0;0;0;0;0;0;0;0;0;0;0;0;0;0;0;0;0;0;0;0;1;0;0;0;0;0;0;0;1;15;41;0;0;0
SRR22402377;0;0;0;3;0;0;4;0;153870;0;0;0;0;0;5;0;0;0;0;0;0;0;0;1;0;0;0;0;0;0;0;0;0;0;0;0;0;0;0;0;0;0;92;0;0;0;0
SRR22402310;2;0;0;0;0;0;0;0;2254;0;0;0;0;0;0;0;0;0;0;0;0;0;0;0;0;0;0;0;0;0;0;0;0;0;0;0;0;0;0;0;0;0;2;0;0;0;0
SRR22402319;0;0;0;0;0;0;0;0;12657;0;0;0;0;0;5;0;0;0;0;0;0;0;0;0;0;0;0;0;0;0;0;0;0;0;0;0;0;0;0;0;0;0;0;44;0;0;0
SRR22402264;0;0;0;0;0;0;0;0;524802;0;0;0;0;0;0;0;0;0;0;0;0;0;0;0;0;0;0;0;0;0;0;0;0;0;0;0;0;0;0;0;0;0;265;265;0;0;0
SRR22402381;0;0;0;0;0;0;2;0;102054;0;0;0;0;0;0;0;0;0;0;0;0;0;0;0;0;0;0;0;0;0;0;0;0;0;0;0;0;0;0;0;0;0;0;21;0;0;0
SRR15595279;0;0;0;304;0;0;0;0;3610;0;0;0;0;0;1;5;0;0;0;0;0;0;0;0;0;0;0;0;0;0;0;0;0;0;0;0;0;0;0;0;0;3;0;111;1;0;0
SRR22402368;3;0;0;0;0;0;0;0;5061;0;0;0;0;0;0;0;0;0;1;0;0;0;0;0;0;0;0;0;0;0;0;0;0;0;0;0;0;0;0;0;0;0;0;45;0;0;0
SRR22402369;0;0;0;0;0;0;0;0;65359;0;0;3;0;1;1;0;0;0;0;0;0;0;0;0;0;0;0;0;0;0;0;0;0;0;0;0;0;0;0;0;0;0;8;32;0;0;0
SRR15595345;0;0;0;0;0;0;0;0;8451765;0;0;0;0;0;0;0;0;0;0;0;0;0;0;0;0;0;0;0;0;0;0;0;0;0;0;0;0;0;0;0;0;0;0;0;0;0;0
SRR22402300;2;0;0;0;0;0;0;0;1601;0;0;0;0;0;0;0;0;0;0;0;0;0;0;0;0;0;0;0;0;0;0;0;0;0;0;0;0;0;0;0;0;0;66;96;0;0;0
SRR15595245;0;0;0;339;0;0;0;0;5823;0;0;0;0;0;0;1;0;0;0;0;0;0;0;0;0;0;0;0;0;0;0;0;0;0;0;0;0;0;0;0;0;0;13;0;2;0;0
SRR22402271;0;0;0;3;0;0;0;0;126221;0;0;0;1;0;0;0;0;0;0;0;0;0;0;0;0;0;0;0;0;0;0;0;0;0;0;0;0;0;0;0;0;1;11;476;0;0;0
SRR22402353;0;0;0;0;0;0;3;0;28617;0;3;0;0;38;2;0;0;0;0;0;0;0;0;0;0;0;0;0;0;0;0;0;0;0;0;0;0;0;0;0;0;0;0;54;0;0;0
SRR15595317;0;0;0;0;0;0;0;0;5571857;0;0;0;0;0;0;0;0;0;0;0;0;0;0;0;0;0;0;0;0;0;0;0;0;0;0;0;0;0;0;0;0;0;0;0;0;0;0
SRR15595293;0;0;0;1;0;0;0;0;31073;0;0;0;0;0;0;0;0;0;0;0;0;0;0;1;0;0;0;0;0;0;0;0;0;0;0;0;0;0;0;0;0;0;0;11;2;0;0
SRR22402356;0;0;0;0;0;0;0;0;14122;0;0;0;0;0;0;0;0;0;0;0;0;0;0;0;0;0;0;0;0;0;0;0;0;0;0;0;0;0;0;0;0;0;0;5;0;0;0
SRR22402332;0;0;0;0;0;0;0;0;77383;0;2;0;0;0;0;0;0;0;0;0;0;0;0;0;0;0;0;0;0;0;0;0;0;0;0;0;0;0;0;0;0;0;5;34;1;0;0
SRR22402295;0;0;0;0;0;0;2;0;14070;0;0;23;0;24;0;0;0;0;0;0;0;0;0;0;0;0;0;0;0;2;0;0;0;0;0;0;0;0;0;0;0;5;0;634;0;0;1
SRR15595303;0;0;0;79;0;0;0;0;174;0;0;0;0;0;0;0;0;1;0;0;0;0;0;0;0;0;0;0;1;0;0;0;0;0;0;0;0;0;0;0;0;10;0;32;0;0;0
SRR22402379;0;0;21;8;0;0;0;0;26802;0;0;0;0;0;0;0;0;0;0;0;0;4;0;0;0;0;0;0;0;0;0;0;0;0;0;0;0;0;0;0;0;0;0;0;0;0;0
SRR22402304;2;0;0;0;0;0;0;0;29599;0;0;0;0;0;0;0;0;0;2;97;0;0;0;0;0;0;0;0;0;0;0;0;0;0;0;0;0;0;0;0;0;6;15;0;0;0;0
SRR22402350;0;0;0;8;0;0;1;0;9847;0;0;0;0;0;12;0;0;0;0;0;0;1;0;0;0;0;0;0;0;0;0;0;0;0;0;0;0;0;0;0;0;0;42;0;0;0;0
SRR22402268;0;0;2;0;0;0;0;0;152800;0;0;0;0;303;0;0;0;0;0;0;0;0;0;0;0;0;0;0;0;0;0;0;0;0;0;0;0;0;0;0;0;0;1;4;0;0;0
SRR22402297;4;0;0;0;0;0;0;0;34874;0;0;0;1;0;0;0;0;0;0;0;0;0;0;0;0;0;0;0;0;0;0;1;0;0;0;0;0;0;0;0;0;0;3;185;0;35;0
SRR22402317;0;0;0;0;0;0;0;0;1932;0;0;0;0;0;0;0;0;0;0;0;0;0;0;0;0;0;0;0;0;0;0;0;0;0;0;0;0;0;0;0;0;0;8;50;2;0;0
SRR15595353;0;0;0;0;0;0;0;0;6622588;0;0;0;0;0;0;0;0;0;0;0;0;0;0;0;0;0;0;0;0;0;0;0;0;0;0;0;0;0;0;0;0;0;0;0;0;0;0
SRR15595257;0;0;0;43;0;0;0;0;463;0;0;0;0;0;0;0;0;0;0;0;0;0;0;0;0;0;0;0;0;0;0;0;0;0;0;0;0;0;0;0;0;0;0;99;0;0;0
SRR15595248;0;0;0;117;0;0;0;0;7597;0;0;0;0;0;0;0;0;0;0;33;0;0;0;0;0;0;0;0;0;0;0;0;0;0;0;0;0;0;0;0;0;4;0;0;1;0;0
SRR15595305;0;0;0;169;0;0;0;0;593;0;0;0;0;0;0;0;0;0;0;0;0;0;0;0;0;0;0;0;0;0;0;0;0;0;0;0;0;0;0;0;0;0;1;0;3;0;0
SRR22402349;0;0;0;0;0;0;0;0;3712;0;0;0;0;0;0;0;0;0;0;0;0;0;0;0;0;1;0;0;0;0;0;0;0;0;0;0;0;0;0;0;0;0;0;36;0;0;0
SRR22402273;0;0;0;0;0;0;0;0;196594;0;0;0;0;0;0;0;0;0;0;0;0;0;0;0;0;0;0;0;0;0;0;0;0;0;0;0;0;0;0;0;0;0;0;11;1;0;0
SRR15595329;0;0;0;0;0;0;0;0;4845800;0;0;0;0;0;0;0;0;0;0;0;0;0;0;0;0;0;0;0;0;0;0;0;0;0;0;0;0;0;0;0;0;0;0;0;0;0;0
SRR22402314;3;8;0;34;0;0;15;0;4786;0;0;0;0;11;0;0;0;3;0;0;0;0;0;10;0;0;0;0;0;0;0;0;0;0;0;0;0;0;0;0;0;0;0;0;0;0;0
SRR22402321;0;0;24;0;0;2;0;0;4538;0;0;0;0;0;0;0;0;0;0;0;3;0;0;0;0;5;0;0;0;0;0;0;0;0;0;0;0;0;0;0;0;7;0;103;0;0;0
SRR22402322;0;0;0;0;0;0;0;0;44509;0;79;0;0;492;0;0;0;0;3;0;0;0;0;0;0;0;0;0;0;0;0;0;0;0;0;0;0;0;0;0;0;0;6;0;1;0;0
SRR22402259;0;0;0;0;0;0;0;0;57712;0;0;0;1;14;0;0;0;0;0;0;0;0;0;0;0;0;0;0;0;0;0;1;0;0;0;0;0;0;0;0;0;0;177;0;0;0;0
SRR15595336;0;0;0;0;0;0;0;0;17307345;0;0;0;0;0;0;0;0;0;0;0;0;0;0;0;0;0;0;0;0;0;0;0;0;0;0;0;0;0;0;0;0;0;0;0;0;0;0
SRR22402352;0;0;2;0;0;0;0;0;12780;0;1;0;0;0;2;0;0;1;0;0;0;0;0;0;0;0;0;0;0;0;0;0;0;0;0;0;0;0;0;0;0;1;0;33;1;0;0
SRR15595253;0;0;0;200;0;0;173;0;1688;0;0;0;0;0;0;1;0;0;0;225;0;0;0;0;0;0;0;0;2;0;0;0;0;0;0;0;0;0;0;0;0;0;25;0;7;0;0
SRR22402263;4;0;0;0;0;0;0;0;18988;0;0;0;0;0;0;0;0;0;0;0;0;0;0;0;0;0;0;0;0;0;0;0;0;0;0;0;0;0;0;0;0;2;1;21;0;0;0
SRR22402312;0;0;0;0;0;0;0;0;13274;0;0;0;0;0;0;0;0;0;0;0;0;0;0;0;0;0;0;0;0;0;0;0;0;0;0;0;0;0;0;0;0;0;7;0;0;1;0
SRR22402335;75;0;0;0;0;0;0;0;4908;0;0;0;0;0;0;0;0;0;0;0;0;0;0;0;0;0;0;0;0;0;0;0;0;0;0;0;0;0;0;0;0;0;3;10;0;0;0
SRR22402384;0;0;0;0;0;0;0;0;7850;0;0;0;0;0;0;0;0;0;0;0;0;0;0;0;0;2;0;0;0;0;0;0;0;0;0;0;0;0;0;0;0;0;0;4;0;0;0
SRR22402267;7;0;3;0;0;0;1;0;47548;0;0;0;0;3;0;0;0;0;0;24;0;0;0;0;0;5;0;0;0;0;0;0;0;0;0;0;0;0;0;0;0;0;6;4;0;0;0
SRR22402293;0;0;0;0;0;0;0;0;29254;0;0;0;0;13;0;0;0;0;0;0;0;0;0;0;0;12;0;0;0;0;0;0;0;0;0;0;0;0;0;0;0;0;0;0;0;0;0
SRR15595255;0;0;0;118;0;0;0;0;553;0;0;0;0;0;0;0;0;0;0;0;0;0;0;0;0;0;0;0;0;0;0;0;0;0;0;0;0;0;0;0;0;0;0;32;7;0;0
SRR15595335;0;0;0;0;0;0;0;0;14131885;0;0;0;0;0;0;0;0;0;0;0;0;0;0;0;0;0;0;0;0;0;0;0;0;0;0;0;0;0;0;0;0;0;0;0;0;0;0
SRR22402371;0;0;0;0;0;0;0;0;10553;0;0;0;0;0;0;0;0;0;0;0;0;0;0;0;0;192;0;0;0;0;0;0;0;0;0;0;0;0;0;0;0;0;0;0;0;0;0
SRR22402309;0;0;36;0;0;0;0;0;8362;0;0;0;0;5;15;0;0;0;0;0;0;0;0;0;0;122;0;0;0;0;0;0;0;0;0;0;0;0;0;0;0;0;229;55;0;0;0
SRR22402344;0;0;0;0;0;0;0;0;84302;57;0;0;0;10;0;0;0;0;0;0;0;0;0;0;0;2;0;0;0;0;0;0;0;0;0;0;0;0;0;0;0;0;200;97;0;0;0
SRR22402306;0;0;0;0;0;0;0;0;35978;0;0;0;0;0;0;0;0;0;0;0;0;0;0;0;0;0;0;0;0;0;0;0;0;0;0;0;0;0;0;0;0;1;0;32;0;0;0
SRR15595267;0;0;0;136;0;0;3;0;9938;0;0;0;0;0;0;1;0;0;0;0;0;0;0;0;0;0;0;0;0;0;0;0;0;0;0;0;0;0;0;0;0;0;1;1;0;0;0
SRR22402367;8;0;0;0;0;0;0;0;17121;0;0;0;0;0;0;0;0;0;0;0;0;0;0;0;0;0;0;0;0;0;0;0;0;0;0;0;0;0;0;0;0;0;0;1;0;0;0
SRR15595347;0;0;0;0;0;0;0;0;6140726;0;0;0;0;0;0;0;0;0;0;0;0;0;0;0;0;0;0;0;0;0;0;0;0;0;0;0;0;0;0;0;0;0;0;0;0;0;0
SRR15595254;0;0;0;92;0;0;0;0;604;0;0;0;0;0;0;0;0;0;0;0;0;0;0;0;0;0;0;0;0;0;0;0;0;0;0;0;0;0;0;0;0;1;0;0;0;0;0
SRR15595339;0;0;0;0;0;0;0;0;12705342;0;0;0;0;0;0;0;0;0;0;0;0;0;0;0;0;0;0;0;0;0;0;0;0;0;0;0;0;0;0;0;0;0;0;0;0;0;0
SRR15595277;0;0;0;264;0;0;0;0;420;0;0;0;0;0;0;1;0;0;0;0;0;0;0;0;0;0;0;0;0;0;0;0;0;0;0;0;0;0;0;0;0;0;0;0;0;0;0
SRR22402355;0;0;12;0;1;0;0;0;133661;0;0;0;0;0;0;0;0;0;1;0;0;0;0;2;0;0;0;0;0;0;0;0;0;0;0;0;0;0;0;0;0;0;0;0;0;0;0
SRR22402313;0;0;0;0;0;0;0;0;310802;0;0;0;0;0;0;0;0;0;0;0;0;0;0;0;0;0;0;0;0;0;0;0;0;0;0;0;0;0;0;0;0;11;180;142;0;0;0
SRR22402365;0;0;0;0;0;0;0;0;6322;0;0;0;0;0;0;0;0;0;0;30;0;0;0;0;0;0;0;0;0;0;0;0;0;0;0;0;0;0;0;0;0;0;9;20;0;0;0
SRR22402342;5;0;6;0;0;0;6;0;1397;0;0;0;1;0;0;0;0;0;0;0;0;0;0;0;0;0;0;0;0;0;0;0;0;0;0;0;0;0;0;0;0;0;17;0;0;0;0
SRR22402289;0;0;0;0;0;0;0;0;203760;0;0;0;0;13;0;0;0;0;0;0;0;0;0;10;0;0;0;0;0;0;0;0;0;0;0;0;0;0;0;0;0;1;59;21;0;0;0
SRR15595315;0;0;0;0;0;0;0;0;18128;0;0;0;0;0;0;1;0;0;0;0;0;0;0;0;0;0;0;0;0;0;0;0;0;0;0;0;0;0;0;0;0;0;1;0;0;0;0
SRR15595295;0;0;0;51;0;0;0;0;1486;0;0;0;0;0;0;0;0;0;0;0;0;0;0;0;0;0;0;0;0;0;0;0;0;0;0;0;0;0;0;0;0;0;0;3;2;0;0
SRR22402343;0;0;0;0;0;0;0;0;128711;0;0;0;0;0;0;0;0;0;0;0;0;0;0;0;0;0;0;0;0;0;0;0;0;0;0;0;0;0;0;0;0;3;58;369;18;0;0
SRR22402320;0;0;0;0;0;0;0;0;4108;0;0;0;0;0;0;0;0;0;0;0;0;0;0;0;0;0;0;0;0;0;0;0;0;0;0;0;0;0;0;0;0;0;45;50;0;1;0
SRR15595351;0;0;0;0;0;0;0;0;10180322;0;0;0;0;0;0;0;0;0;0;0;0;0;0;0;0;0;0;0;0;0;0;0;0;0;0;0;0;0;0;0;0;0;0;0;0;0;0
SRR15595244;0;0;0;87;0;0;0;0;643;0;0;0;0;0;0;1;0;0;0;0;0;0;0;0;0;0;0;0;0;0;0;0;0;0;0;0;0;0;0;0;0;0;10;6;2;0;0
SRR22402326;0;0;0;0;0;0;0;0;11082;0;0;0;0;0;0;0;0;0;0;0;0;0;0;1;0;0;0;0;0;0;0;0;0;0;0;0;0;0;0;0;0;0;1;21;0;0;0
SRR22402282;0;0;0;0;3;0;0;0;9481;0;0;0;0;0;92;0;0;0;2;0;0;0;0;0;0;0;0;1;0;0;0;0;0;0;0;0;0;0;0;0;0;0;0;8;0;0;1
SRR22402303;0;0;0;0;0;0;0;0;189969;0;0;0;0;0;0;0;0;0;0;0;0;0;0;0;0;0;0;0;0;0;0;0;0;0;0;0;0;0;0;0;0;0;173;66;0;0;0
SRR22402354;0;0;5;0;0;0;0;0;14939;0;0;0;0;336;1;0;0;0;0;0;0;0;0;0;0;0;0;0;0;0;0;0;0;0;0;0;0;0;0;0;0;0;20;32;0;0;0
SRR22402380;0;0;0;0;0;0;0;0;154159;0;0;0;0;667;0;0;0;0;0;0;0;0;0;0;0;0;0;0;0;0;0;0;0;0;0;0;0;0;0;0;0;0;0;0;0;0;0
SRR22402378;0;0;0;0;0;0;0;0;3477214;0;0;0;0;0;0;0;0;0;0;0;0;0;0;0;0;0;0;0;0;0;0;0;0;0;0;0;0;0;0;0;0;0;12;19;0;0;0
SRR22402301;9;0;0;0;0;0;0;0;42388;0;0;0;1;0;0;0;0;0;0;0;0;0;0;0;0;0;0;0;0;0;0;0;0;0;0;0;0;0;0;0;0;0;38;126;0;0;0
SRR22402333;0;0;0;0;0;0;0;0;14725;0;0;0;0;21;0;0;0;1;0;0;0;0;0;0;0;0;0;0;0;0;0;0;0;0;1;0;0;0;0;0;0;0;0;3;0;0;0
SRR15595259;0;0;0;0;0;0;108;0;39081;0;0;0;0;0;0;0;0;0;0;0;0;0;0;0;0;0;0;0;0;0;0;0;0;0;0;0;0;0;0;0;0;0;1;1;3;0;0
SRR22402256;0;0;0;0;2;0;0;0;3717;0;0;0;0;0;0;0;0;0;0;0;0;1;0;0;0;0;0;0;0;0;0;0;0;0;0;0;0;0;0;0;0;0;1;9;0;0;0
SRR22402272;0;0;0;0;0;0;0;0;1578383;0;0;0;0;0;0;0;0;0;0;0;0;0;0;0;0;0;0;0;0;0;0;0;0;0;0;0;0;0;0;0;0;0;14;8;1;0;0
SRR22402260;2;0;0;0;0;0;0;0;1530;0;0;0;0;0;0;0;0;0;0;0;0;0;0;0;0;0;0;0;0;0;0;0;0;0;0;0;0;0;0;0;0;0;1;120;1;0;0
SRR22402372;1;0;0;0;0;0;0;0;5342;0;0;0;0;16;0;0;0;0;0;0;0;0;0;0;0;21;0;0;0;0;0;0;0;0;0;0;0;0;0;0;0;0;0;6;0;0;0
SRR15595332;0;0;0;0;0;0;0;0;13160194;0;0;0;0;0;0;0;0;0;0;0;0;0;0;0;0;0;0;0;0;0;0;0;0;0;0;0;0;0;0;0;0;0;0;0;0;0;0
SRR15595349;0;0;0;0;0;0;0;0;8576579;0;0;0;0;0;0;0;0;0;0;0;0;0;0;0;0;0;0;0;0;0;0;0;0;0;0;0;0;0;0;0;0;0;0;0;0;0;0
SRR22402324;0;0;0;0;0;0;0;0;2837;0;0;0;14;0;0;0;0;0;0;0;0;0;0;0;0;0;0;0;0;0;0;0;0;0;0;0;0;0;0;0;0;1;0;0;0;0;0
SRR22402279;0;0;0;0;0;0;0;0;2459;0;0;0;0;0;0;0;0;0;0;0;0;0;0;0;0;0;0;0;0;0;0;0;0;0;0;2;0;0;0;0;0;0;0;65;0;0;0
SRR15595273;0;0;0;0;0;0;0;0;34086;0;0;0;0;0;0;1;0;0;0;0;0;0;0;0;0;0;0;0;0;0;0;0;0;0;0;0;0;0;0;0;0;0;0;0;2;0;0
SRR22402286;0;0;0;0;0;0;0;0;76634;0;0;0;0;0;0;0;0;4;0;0;0;0;0;0;0;0;0;0;0;0;0;0;0;0;0;0;0;0;0;0;0;0;0;15;0;0;0
SRR15595331;0;0;0;0;0;0;0;0;12507743;0;0;0;0;0;0;0;0;0;0;0;0;0;0;0;0;0;0;0;0;0;0;0;0;0;0;0;0;0;0;0;0;0;0;0;0;0;0
SRR15595291;0;0;0;0;0;0;0;0;5715384;0;0;0;0;0;0;0;0;0;0;0;0;0;0;0;0;0;0;0;0;0;0;0;0;0;0;0;0;0;0;0;0;0;0;0;0;0;0
SRR15595330;0;0;0;130;0;0;0;0;845;0;0;0;0;0;0;0;0;0;0;0;0;0;0;0;0;0;0;0;0;0;0;0;0;0;0;0;0;0;0;0;0;0;0;0;2;0;0
SRR22402383;0;0;0;0;0;0;0;0;1379;0;0;0;0;0;0;0;0;0;0;0;0;0;0;0;0;0;0;0;0;0;0;0;0;0;0;0;0;0;0;0;0;0;0;0;0;0;0
SRR22402262;0;0;0;0;0;0;0;0;246634;0;0;0;0;0;0;0;0;0;0;0;0;0;0;0;0;0;0;0;0;0;0;0;0;0;0;0;0;0;0;0;0;0;0;188;0;0;0
SRR22402316;1;0;0;0;0;0;0;0;148468;0;0;0;0;0;0;4;0;0;0;0;0;0;0;0;0;0;0;0;0;0;0;0;0;0;0;0;0;0;0;0;0;1;7;24;1;0;0
SRR22402361;15;0;0;0;0;1;0;0;4950;0;0;1;0;0;0;0;0;0;0;0;0;0;0;0;0;0;0;0;0;0;0;0;0;0;0;0;0;0;0;0;0;0;0;60;0;0;0
SRR22402266;0;0;0;0;0;0;2;0;18491;0;0;0;0;0;0;0;0;0;1;0;0;0;0;0;0;26;0;0;0;0;0;0;0;0;0;0;0;0;0;0;0;0;0;2;0;0;0
SRR22402331;0;0;0;0;0;0;0;0;892598;0;0;0;0;0;0;0;0;0;0;0;0;0;0;0;0;0;0;0;0;0;0;0;0;0;0;0;0;0;0;0;0;0;1;0;0;0;0
SRR22402311;0;0;56;13;0;0;0;0;49925;0;0;0;1;0;96;0;0;12;0;0;0;0;0;3;0;0;0;0;0;0;0;0;0;0;0;0;0;0;0;0;0;1;33;119;0;0;0
SRR15595343;0;0;0;0;0;0;0;0;15538326;0;0;0;0;0;0;0;0;0;0;0;0;0;0;0;0;0;0;0;0;0;0;0;0;0;0;0;0;0;0;0;0;0;0;0;0;0;0
SRR15595252;0;0;0;241;0;0;0;0;21030;0;0;0;0;0;0;0;0;0;0;0;0;0;0;0;0;0;0;0;0;0;0;0;0;0;0;0;0;0;0;0;0;0;0;2;1;0;0
SRR15595344;0;0;0;0;0;0;0;0;5272537;0;0;0;0;0;0;0;0;0;0;0;0;0;0;0;0;0;0;0;0;0;0;0;0;0;0;0;0;0;0;0;0;0;0;0;0;0;0
SRR22402337;0;0;0;0;0;0;0;0;33778;0;0;0;0;0;0;0;0;0;0;0;0;0;0;0;0;0;0;0;0;0;9;0;0;0;0;0;0;0;0;0;0;0;0;0;0;0;0
SRR15595346;0;0;0;0;0;0;0;0;8154302;0;0;0;0;0;0;0;0;0;0;0;0;0;0;0;0;0;0;0;0;0;0;0;0;0;0;0;0;0;0;0;0;0;0;0;0;0;0
SRR15595297;0;0;0;37;0;0;0;0;731;0;0;0;0;0;0;0;0;0;0;0;0;0;0;0;0;0;0;0;0;0;0;0;0;0;0;0;0;0;0;0;0;0;0;13;0;0;0
SRR22402376;0;0;0;0;0;0;0;0;6357;0;0;0;0;0;0;0;0;0;0;0;0;0;0;0;0;0;0;0;0;0;0;0;0;0;0;0;0;0;0;0;0;0;14;0;0;0;0
SRR22402345;3;0;0;0;0;0;0;0;2217;0;0;0;0;0;0;0;0;0;0;0;0;0;0;0;0;0;0;0;0;0;0;0;0;0;0;0;0;0;0;0;0;0;308;47;0;0;0
SRR22402257;0;0;20;0;0;0;5;3;4265;0;0;0;0;0;0;0;3;0;0;0;0;0;0;0;0;0;0;0;0;0;0;0;0;0;0;0;0;0;0;0;0;0;74;0;0;0;0
SRR15595326;0;0;0;0;0;0;0;0;6077585;0;0;0;0;0;0;0;0;0;0;0;0;0;0;0;0;0;0;0;0;0;0;0;0;0;0;0;0;0;0;0;0;0;0;0;0;0;0
SRR22402338;0;0;0;0;0;0;0;0;99067;0;0;0;0;0;4;0;0;0;0;0;0;0;0;0;0;0;0;0;0;0;0;0;0;0;0;0;0;0;0;0;0;0;5;39;0;0;0
SRR15595265;0;0;0;104;0;0;0;0;791;0;0;0;0;0;0;0;0;0;0;0;0;0;0;0;0;0;0;0;0;0;0;0;0;0;0;0;0;0;0;0;0;0;0;0;0;0;0
SRR15595309;0;0;0;45;0;0;0;0;211697;0;0;0;0;0;0;0;0;0;0;0;0;0;0;0;0;0;0;0;0;0;0;0;0;0;0;0;0;0;0;0;0;0;0;0;0;0;0
SRR15595281;0;0;0;119;0;0;0;0;64345;0;0;0;0;0;0;0;0;0;0;0;0;0;0;0;0;0;0;0;0;0;0;0;0;0;0;0;0;0;0;0;0;0;0;0;0;0;0
SRR22402307;0;0;0;1;0;0;0;0;47977;0;0;0;0;0;0;0;0;0;0;0;0;0;0;0;0;0;0;0;0;0;0;0;0;0;0;0;0;0;0;0;0;0;0;9;0;0;0
SRR22402318;1;0;0;15;0;0;0;0;13766;0;0;0;0;0;0;0;0;0;0;0;0;0;0;0;0;0;0;0;0;0;0;0;0;0;0;0;0;0;0;0;0;0;0;212;1;0;0
SRR22402323;5;0;0;0;0;0;0;1;25616;0;13;0;0;0;0;0;0;5;0;0;0;0;0;0;0;0;0;0;0;0;0;0;0;0;0;3;0;0;0;0;0;0;22;66;0;0;0
SRR15595263;0;0;0;0;0;0;0;0;10279507;0;0;0;0;0;0;0;0;0;0;0;0;0;0;0;0;0;0;0;0;0;0;0;0;0;0;0;0;0;0;0;0;0;0;0;0;0;0
SRR22402299;0;0;0;9;0;0;4;0;4094;0;0;0;0;0;0;0;0;10;0;0;0;0;0;3;0;0;0;0;0;0;0;0;0;0;0;0;0;0;0;0;0;0;30;151;0;0;0
SRR22402336;0;0;0;0;0;0;0;0;316359;0;0;0;0;0;0;0;0;0;0;0;0;0;0;0;0;0;0;0;0;0;0;0;0;0;0;0;0;0;0;0;0;0;0;0;0;0;0
SRR15595338;0;0;0;0;0;0;0;0;7142713;0;0;0;0;0;0;0;0;0;0;0;0;0;0;0;0;0;0;0;0;0;0;0;0;0;0;0;0;0;0;0;0;0;0;0;0;0;0
SRR22402290;2;0;0;0;0;0;0;0;19181;0;0;0;0;0;0;0;0;0;0;0;0;0;0;0;0;0;0;0;0;0;0;0;0;0;0;0;0;0;0;0;0;0;10;83;0;0;0
SRR15595283;0;0;0;184;0;0;0;0;5951;0;0;0;0;0;0;2;0;0;0;0;0;0;0;0;2650;0;0;0;0;0;0;0;0;0;0;0;0;0;0;0;0;0;0;5;6;0;0
SRR22402305;0;0;0;0;0;0;0;0;326360;0;0;0;0;0;0;0;0;0;0;0;0;0;0;0;0;73;0;0;0;0;0;0;0;0;0;0;0;0;0;0;0;0;0;7;0;0;0
SRR15595350;0;0;0;115;0;0;0;0;1299;0;0;0;0;0;0;1;0;0;0;0;0;0;0;0;0;0;0;0;0;0;0;0;0;0;0;0;0;0;0;0;0;0;7;53;0;0;0
SRR22402341;1;0;0;0;0;0;0;0;219345;0;0;0;0;0;0;0;0;0;0;0;0;0;0;0;0;0;0;0;0;0;0;0;0;0;0;0;0;0;0;0;0;0;0;0;0;0;0
SRR22402255;0;0;23;0;0;0;0;0;10475;0;0;0;0;0;0;0;0;0;0;0;0;0;0;0;0;0;0;0;0;0;0;0;0;0;0;0;0;0;0;0;0;1;27;0;0;0;0
SRR22402359;0;0;0;0;0;0;0;0;290229;0;0;2;0;0;0;0;0;0;0;0;0;0;0;0;0;0;0;0;0;0;0;0;0;0;0;0;0;0;0;0;0;6;95;113;0;0;0
SRR15595301;0;0;0;106;0;0;0;0;239;0;0;0;0;90;0;1;0;0;0;0;0;0;0;0;0;0;0;0;0;0;0;0;0;0;0;0;0;0;0;0;0;0;0;59;3;0;0
SRR22402287;8;0;0;0;0;0;0;0;7423;0;88;0;0;27;0;0;0;1;0;0;0;0;0;0;0;0;0;0;0;0;0;0;0;0;0;0;0;0;0;0;0;0;0;295;0;0;0
SRR22402325;0;0;0;0;0;0;0;0;369489;0;0;0;0;57;0;0;0;0;0;51;0;0;0;0;0;0;0;0;0;0;0;0;0;0;0;0;0;0;0;0;0;0;15;0;0;0;0
SRR15595250;0;0;0;31;0;0;0;0;13584;0;0;0;0;0;0;1;0;0;0;0;0;0;0;0;0;0;0;0;0;0;0;0;0;0;0;0;0;0;0;0;0;0;0;8;0;0;0
SRR15595285;0;0;0;70;0;0;0;0;2694;0;0;0;0;0;0;0;0;0;0;0;0;0;0;0;0;0;0;0;3;0;0;0;0;0;0;0;0;0;0;0;0;1;0;0;0;0;0
SRR22402258;2;0;0;0;0;0;0;0;3708;0;0;0;0;0;0;0;0;0;0;0;0;0;0;0;0;0;0;0;0;0;0;0;0;0;0;0;0;0;0;0;0;0;0;3;0;0;0
SRR15595348;0;0;0;0;0;0;0;0;5371027;0;0;0;0;0;0;0;0;0;0;0;0;0;0;0;0;0;0;0;0;0;0;0;0;0;0;0;0;0;0;0;0;0;0;0;0;0;0
SRR22402339;0;0;0;0;0;0;0;0;30011;0;1;0;0;0;0;1;0;0;0;0;0;0;0;0;0;0;0;0;0;0;0;0;0;0;0;0;0;0;0;0;0;3;73;73;0;0;0
SRR22402340;0;0;0;3;0;0;0;0;46993;0;4;0;0;26;0;0;0;0;0;0;0;0;0;0;0;0;0;0;0;0;0;0;0;0;0;0;0;0;0;0;0;0;34;0;0;0;0
SRR22402375;0;0;0;0;0;0;0;0;2812;0;0;0;0;0;0;0;0;0;0;0;0;0;0;0;0;2;0;0;0;0;0;0;0;0;0;0;0;0;0;0;0;0;0;3;0;0;0
SRR22402385;0;0;0;0;0;0;0;0;1270803;0;0;0;0;0;0;0;0;0;0;0;0;0;0;0;0;0;0;0;0;0;0;0;0;0;0;0;0;0;0;0;0;0;135;0;2;0;0
SRR22402274;0;0;0;0;0;0;0;0;27160;0;0;0;3;54;0;0;0;0;0;0;0;0;0;0;0;0;0;0;0;0;0;0;0;0;0;0;0;0;0;0;0;0;0;2;0;0;0
SRR22402330;0;0;0;0;0;0;0;0;378141;0;0;0;0;0;0;0;0;0;0;0;0;0;0;0;0;0;0;0;0;0;0;0;0;0;0;0;0;0;0;0;0;0;112;0;0;0;0
SRR22402327;0;0;0;0;0;0;0;0;12311;0;0;0;0;0;0;0;0;2;0;0;0;0;0;0;0;0;0;0;0;0;0;0;0;0;0;0;0;0;0;0;0;0;19;82;0;0;0
SRR15595340;0;0;0;0;0;0;0;0;10709845;0;0;0;0;0;0;0;0;0;0;0;0;0;0;0;0;0;0;0;0;0;0;0;0;0;0;0;0;0;0;0;0;0;0;0;0;0;0
SRR22402308;0;0;0;0;0;0;0;0;708716;0;0;0;0;0;0;0;0;0;0;0;0;0;0;0;0;0;0;0;0;0;0;0;0;0;0;0;0;0;0;0;0;0;217;626;0;0;0
SRR22402360;0;0;0;0;0;0;0;0;573947;0;0;0;0;0;0;0;0;0;0;0;0;0;0;0;0;0;0;0;0;0;0;0;0;0;0;0;0;0;0;0;0;0;3;0;0;0;0
SRR15595261;0;0;0;0;0;0;0;0;17110;0;0;0;0;0;0;0;0;0;0;0;0;0;0;0;0;0;0;0;0;0;0;0;0;0;0;0;0;0;0;0;0;3;1;1;0;0;0
SRR15595319;0;0;0;94;0;0;0;0;899;0;0;0;0;0;0;0;0;0;0;0;0;0;0;0;0;0;0;0;0;0;0;0;0;0;0;0;0;0;0;0;0;1;0;0;1;0;0
SRR15595313;0;0;0;173;0;0;0;0;439;0;0;0;0;0;0;0;0;0;0;0;0;0;0;0;0;0;0;0;0;0;0;0;0;0;0;0;0;0;0;0;0;17;1;0;0;0;0
SRR15595307;0;0;0;110;0;0;0;0;2124;0;0;0;0;0;0;0;0;0;0;0;0;0;0;0;0;0;0;0;0;0;0;0;0;0;0;0;0;0;0;0;0;0;0;0;5;0;0
SRR15595341;0;0;0;73;0;0;0;0;1229;0;0;0;0;0;0;0;0;0;0;0;0;0;0;0;0;0;0;0;0;0;0;0;0;0;0;0;0;0;0;0;0;2;0;8;1;0;0
SRR22402291;3;0;0;0;0;0;722;0;157162;0;0;0;0;0;0;0;0;0;0;0;0;0;0;0;0;0;0;0;0;0;0;0;0;0;0;0;0;0;0;0;4;8;37;395;0;0;0
SRR15595333;0;0;0;0;0;0;0;0;13683772;0;0;0;0;0;0;0;0;0;0;0;0;0;0;0;0;0;0;0;0;0;0;0;0;0;0;0;0;0;0;0;0;0;0;0;0;0;0
SRR15595320;0;0;0;0;0;0;0;0;10969264;0;0;0;0;0;0;0;0;0;0;0;0;0;0;0;0;0;0;0;0;0;0;0;0;0;0;0;0;0;0;0;0;0;0;0;0;0;0
SRR22402315;0;0;0;0;0;0;0;0;1112;0;0;0;0;0;0;0;0;0;0;0;0;0;0;0;0;0;0;0;0;0;0;0;0;0;0;0;0;0;0;0;0;0;17;49;0;0;0
SRR22402363;0;0;0;0;0;0;0;0;633;0;0;0;0;0;0;0;0;0;0;0;0;0;0;0;0;0;0;0;0;0;0;0;0;0;0;0;0;0;0;0;0;0;0;15;0;0;0
SRR22402328;0;0;0;0;0;0;0;0;108249;0;0;0;0;0;0;0;0;0;0;0;0;0;0;0;0;0;0;0;0;0;0;0;0;0;0;0;0;0;0;0;0;0;0;19;0;0;0
SRR22402366;2;0;0;0;0;0;0;0;21755;0;0;0;0;0;0;0;0;0;0;0;0;0;0;0;0;0;0;0;0;0;0;0;0;0;0;0;0;1;0;0;0;1;6;43;0;0;0
SRR15595323;0;0;0;0;0;0;0;0;7173191;0;0;0;0;0;0;0;0;0;0;0;0;0;0;0;0;0;0;0;0;0;0;0;0;0;0;0;0;0;0;0;0;0;0;0;0;0;0
SRR15595275;0;0;0;0;0;0;0;0;29235;0;0;0;0;0;0;0;0;0;0;0;0;0;0;0;0;0;0;0;0;0;0;0;0;0;0;0;0;0;0;0;0;0;1;8;1;0;0
SRR22402351;0;0;0;0;0;0;0;0;27869;0;0;0;0;0;19;0;0;0;0;0;0;0;0;0;0;0;0;0;0;0;0;0;0;0;0;0;0;0;0;0;0;0;0;148;0;0;0
SRR15595287;0;0;0;0;0;0;0;0;4926661;0;0;0;0;0;0;0;0;0;0;0;0;0;0;0;0;0;0;0;0;0;0;0;0;0;0;0;0;0;0;0;0;0;0;0;0;0;0
SRR15595334;0;0;0;0;0;0;0;0;14308385;0;0;0;0;0;0;0;0;0;0;0;0;0;0;0;0;0;0;0;0;0;0;0;0;0;0;0;0;0;0;0;0;0;0;0;0;0;0
SRR22402362;0;0;0;0;0;0;0;0;102121;0;0;0;0;0;0;0;0;0;0;0;0;0;0;0;0;0;0;0;0;0;0;0;0;0;0;0;0;0;0;0;0;0;0;0;1;0;0
SRR22402357;1;0;2;0;0;1;1;0;6902;0;0;0;0;0;0;0;0;0;0;0;0;0;0;0;0;0;0;0;0;0;0;0;0;0;0;0;0;0;0;0;0;7;51;0;0;0;0
SRR22402334;0;0;0;0;0;0;0;0;325618;0;0;0;0;0;0;0;0;0;0;0;0;0;0;0;0;0;0;0;0;0;0;0;0;0;0;0;0;0;0;0;0;0;0;4;0;0;0
SRR15595325;0;0;0;0;0;0;0;0;45769;0;0;0;0;0;0;0;0;0;0;0;0;0;0;0;0;0;0;0;0;0;0;0;0;0;0;0;0;0;0;0;0;0;0;0;0;0;0
SRR22402373;0;0;0;0;0;0;0;0;179821;0;0;0;1;0;0;0;0;0;0;0;0;0;0;0;0;0;0;0;0;0;0;0;0;0;0;0;0;0;0;0;0;0;0;1;0;0;0
SRR15595322;0;0;0;0;0;0;0;0;5698916;0;0;0;0;0;0;0;0;0;0;0;0;0;0;0;0;0;0;0;0;0;0;0;0;0;0;0;0;0;0;0;0;0;0;0;0;0;0
SRR15595328;0;0;0;0;0;0;0;0;4947924;0;0;0;0;0;0;0;0;0;0;0;0;0;0;0;0;0;0;0;0;0;0;0;0;0;0;0;0;0;0;0;0;0;0;0;0;0;0
SRR22402294;0;0;0;0;0;0;0;0;861;0;0;0;0;0;0;0;0;0;0;0;0;0;0;0;0;0;0;0;0;0;0;0;1;0;0;0;0;0;0;0;0;0;0;4;0;0;0
SRR15595318;0;0;0;0;0;0;0;0;12834397;0;0;0;0;0;0;0;0;0;0;0;0;0;0;0;0;0;0;0;0;0;0;0;0;0;0;0;0;0;0;0;0;0;0;0;0;0;0
SRR15595327;0;0;0;0;0;0;0;0;5612896;0;0;0;0;0;0;0;0;0;0;0;0;0;0;0;0;0;0;0;0;0;0;0;0;0;0;0;0;0;0;0;0;0;0;0;0;0;0
SRR15595299;0;0;0;0;0;0;0;0;8461500;0;0;0;0;0;0;0;0;0;0;0;0;0;0;0;0;0;0;0;0;0;0;0;0;0;0;0;0;0;0;0;0;0;0;0;0;0;0
